code,description
7590203578,Ariel Quita Grasa 600g.
7503039103,Papel Aluminio Mas P.5 Mt
7501064010,Chocolate Manicero Cja.12
7501039171,Rw Nw Sitvitoffi Sn 74xvi
7501019701,Qwxozik Aipyozik 32j
7501016430,Oiyyozi Oyitayhz Oocpr 14
7501012479,Doritos Iu' 45 Gms.
7501012373,Doritos Pizza Int.  105g
7501010313,Sabritas Queso Jalap. 40g
7501010183,Sabritas Amarillas 115g.
7491005951,Qfdizojrcok 874j
7432307004,JiJay! Ricolino 32g
7424340153,Del Sol Chile P Nacho 2.8
5626756203,Aromat.Spray Country Bb.
5070086170,Cremora 624 Gms.
4740130708,Gel P.Rasurar Guillette 
3673150405,Gatorade Uva 500ml.
2414204054,Qifwzi Cfikoni Srtzwk
1317010879,Pañal Classic Etap.2 C.14
1317010428,Pañal Affective Media.C.8
1311705149,Pañal Classic Grande
1311701197,Poryw Qitzl Qyrzwnzrywk
841010202,Ui Uwnewyi Ipyw Pinof 174
818630591,Gel 1.680gms.
795295860,Fibra Metalica Paq.C 3 Pz
794087302,Mousse Suave 142 Gms.Rosa
769020523,Paleta Camaron Mara C.40
769020509,Paleta Caballitos Mar.C40
769020127,Qifwzi Qfizitozr 14xvi
767430161,Agua Twenty Two 1 Lt.
761710431,Nwkrsryitzw Qotozr Uofin
756031025,Vaso Des. #10 c/50
750101647,"Bran Frut Bimbo Fresa40g,"
749105685,Goma Corazon 454 Gms.
748315254,Lwfisryi  Likr Ceonr
743230710,Moritas Ricolino 40 G.
520208078,Gatorade Orange 591ml.
367313520,Imwti Khiqwy Jtkzitz
208072128,Desod.Old Spice Gel Mount
99280017,Cinta p/Maquina
79279137,Bolsa P.Regalo Mediana
78915237,Desod.Bolita Rexona Caba
78915220,Desod.Rexona Bolita 53g.
78914544,Desod.Bolita Rexona Caba
78914537,Desodor.Rexona Bolita 53g
78914520,Desod.Rexona Bolita 53g.
78914506,Desod..Rexona Caball. Rol
78913165,Desod.Rexona Barr.Caball.
78913141,Nwkrsryitzw Wwgrti
78912144,Desod.Rexona Barra Caball
78912090,Desod.Rexona 50g.Caball.
78084117,Desod.Rexona Barra 50g.Da
78004481,Desod.Rexona Barra Cobalt
77012678,Sedasiva 1.25cmx5m
77012654,Awsikomi Ceoni
75018153,Cojiyyrk Uoswy Cibwzoffi
75016272,Kool-Aid Naranja
75016265,Kool-Aid Piña
75016258,Drrf Ios Arpywkozr
75016227,Kool-Aid Uva
75016142,Atig Nw Phs Aifneonei 
75016135,AHIM TISXH PVN
75016128,Snax De Fud Salch-Jam
75015893,Gelatina JELL-O 65g
75015886,Gelatina Jello Piña 65gms
75015879,Zwfizoti Twffr 87 Zck
75015862,Zwfizoti Twffr Pywki 87jc
75015855,Gelatina JELL-O 65g
75015848,Gelatina Jello Nar.65gms
75014841,Siyfpryr Uojezk Swtzerf
75014476,Pure D.M.210gms.
75014339,Cizkhx 997j swf Srtzw
75014322,Cizkhx swf Srtzw 625j
75014056,Shampoo Vanart 225ml.
75013912,Cojiyyrk Piyrk Cibwzoffi
75013820,Winis De Pavo Sn.Raf.500g
75013615,Qruwy Sofne Pywki
75013417,Cigarros Delicados C.14
75013400,Zwypwy Sitviti 3i Ezixi
75013363,Gerber Durazno 1a.Etapa
75013349,Gerber 1a.Etapa S.Platano
75013189,Salsa Barbecue 500g.Kraft
75012762,Chocomilk Power Milch.
75010980,Grjhyz Grxfo
75010126,Mermelada Kraft 275g.
75009533,Aeicxrr Litiyz Qitzw 997c
75009328,Advil C.12 Grageas
75008338,Thjr Cehxo Pyhz Hiyitbi
75008246,Chibr
75007867,Cernrywzik Wonrfotr
75007850,Pasitas c/Chocolate Ricol
75007614,Coca-Cola 600 ml
75006679,Resistol Pritt 20g.
75005733,Qyozz 34j
75005443,Inwozw 396 744cf
75004699,Coca-Cola 1/2 Litro Env.
75004330,Aifneonei PVN mowti 944j
75003890,Sobre XL3 c/4 Pastillas
75003623,Jugo Gerber 2da. Etapa
75003579,Thjr Zwypwy 330cfHiySit
75003487,Gerber 2da. Etapa
75003470,Gerber Guayaba 2da.Etapa
75003463,Zwypwy Pyhzik Sogzik
75003456,Zwypwy Pyhzik Ryrxonifwk
75003449,Gerber 2da. Etapa
75003432,Gerber 2da. Etapa
75003425,Gerber 2da. Etapa
75003418,Gerber Platano 2a.Etapa
75003401,Gerber 2da. Etapa
75003371,Zwypwy 9si Ezixi
75003227,Gerber 2da. Etapa
75003203,Gerber 2da. Etapa
75002886,Gerber 2da. Etapa
75002343,Inwozw 396 Uozyr
75002275,Cernr Wrfwk 85j
75002268,Triki-Trakes 50g
75002251,Galletas Polvor.75g.
75002244,Hixrfozitr 84j
75001988,Thjr Pyhzkl
75001971,Pyhzko Sitjr 974cf
75001957,Thjr Pyhzkl Vmi
75001940,Pyhzko Hiyitbi 974cf
75001568,Shampoo Caprice 500ml.Cha
75001551,Aeicxrr Cixyonw 744cf
75001544,Aeicxrr Cixyonw 744cf
75001520,Ahimozwf Arf 744cf
75001513,Ahimozwf Ivhf 744cf
75001476,Cigarros Delicados Caj.
75001315,Cig.Marlboro Rojo
75001292,Cig. Marlboro Lights Caj.
75001254,Cig.Benson Dorados
75001247,Cig.Benson Mentolados
75001186,Piphfrkr Siy Pywknr 744cf
75001162,Fabuloso 500 ml.
75001131,Sicofi Chyozl
75001100,Shampoo Vanart 225ml.
75001087,Shampoo Vanart Duo 225ml.
75001049,Shampoo Vanart 225ml.
75001032,Shampoo Vanart 225ml.
75001025,Aeicxrr Litiyz Xfomi 997c
75001018,Shampoo Vanart 225ml.
67960163,Chocol.Ulkerin Por Pieza
40267272,Uixov Isewkomr VBV
9600972,Qiyzl Atixk
9560030,Uocrtnozr Qidhwzozr
8380319,Cig. Boots Special Light
8339810,Cig.Boots Menthol
8339616,Cig. Boots Menthol Caj.
8331517,Cig. Boots Light Cajet.
831731,Cojiyyrk Orrzk Cibwzoffi
831551,Coj Orewcork Cibwzoffi
8308713,Cig.Salem
830711,Cojiyyrk Powkzi Cibwzoffi
830021,Coj Wifwoje Cibwzoffi
7501363,Gerber Mango 1a.Etapa
7501025,Aeicxrr Litiyz Xfomi 997c
7432354,OhphUhph Wonrfotr 67j
5003418,Zwypwy 9si Ezixi 336j
4741030,Desod.Guillette Gel Wild 
4095004,Cernrfizw Sofql Fil Ceonr
4010207,Chocolate Snickers Gde.
4010100,Cernrfizw Sofql Fil
4003207,Chocolate M&M´s Amarillo
4003100,Chocolate M&M´s 
4002004,Cernrfizw Atonqwyk Ceonr
3561401,Jabon Palmolive Liq.384ml
3424607,Chocolate Kit-Kat
3424102,Hershey´s Almonds
3423909,Cernrfizw Bwykewlk Ofitnr
3412107,Cernrfizw Dokkwk
2520605,Duvalín Pza.
2520568,Nhmifot
2088015,Aiysotik Owine Cfoaa 348j
750838,Thjr Cehxo Pyhz  Hiyitbi
750790,Thjr Orzwffot Vmi Nwf Lif
75010,Nwkrsryitzw XOIX Nici
7501036010023,Biyoti Zfrpr Aidhozr 7Dj
41789709289,Caja Sopa Maruchan c.18
41789009280,Arxi Siyhneit
41789009259,Arxi Siyhneit Ciciyrt 
41789009228,Arxi Siyhneit Wwk
221700,Ceonfw Enfoxkw
41789009211,Arxi Siyhneit Qrffr
41789001994,Arxi Siyhneit Citjywbr
41789001987,Sopa Maruchan Cam./Chile
41789001963,Siyhneit Rrcizw G Qrffr
41789001956,Arxi Siyhneit Ciciyrt
41789001925,Arxi Siyhneit Wwk
41789001918,Arxi Siyhneit Qrffr
41789001833,Arxi Siyhneit Khwkr
41789001826,Sopa Maruchan Frijoles c.
41789001819,Arxi Siyhneit Lwjwzifwk
41594206218,Vaso Nieve No.10
41594206201,Vaso N.Seca No.8 Dart 
41500750903,Mostaza French 226gms.
41348005821,Jabon Liquido Palm.S.946m
41269104429,Dulces Navideños 1kg
41269104290,Nrhpfw Cyokx 3qj
41269104276,Ahxwy Axryz  Cernrfizw 3q
37600453653,Spam 198 Gms.
37600189095,Axic 614j
36731564009,Gatorade Frut.Trop.500ml.
36731562005,Gatorade Frutas S.500ml.
36731561008,Gatorade Frutas Citr.500m
36731515001,Gatorade Manz.Marac.500ml
36731506009,Gatorade Ponche 500ml.
36731505002,Gatorade Mandar.500ml.
36731504005,Gatorade Uva 500ml.
36731503008,Zizryisw Uoci Uocrt 744cf
36731502001,Gatorade Limonada 500 Ml.
36731501004,Gatorade Naranja 500ml.
36731335715,Gatorade Uva 473ml.
36731335098,Gatorade Ponche 473ml.
36731335081,Zizryisw  Sitsiyoti 156 c
36731335036,Gatorade Limonada 473 ml.
36731335029,Gatorade 473ml.
36731135520,Imwti Khiqwy Jtkzitz C34
34587090017,Aif Ui Poti 744j
34587030051,Aif Coktw Dofr
34587030013,Sal La Fina  Kg.
34587020021,Sal La Fina Bote 1Kg.
32239057937,Thjr Nhyivtr Nf Liffw 3f
32239057920,Jugo Valle Lt. Mango
32239057913,Jugo Piña Del Valle 1l
32239057906,Jugo Valle Lt.Tomate
32239057890,Jugo Valle Toronja 1 Lt.
32239057876,JUGO DEL VALLE NARANJA
32239057029,Cficizr Orzwffi 974cf
32239056893,Frutsi Fresa-Fram. 250ml
32239056817,Thjr swf Liffw Uizi 667cf
32239056398,Thjr Pyhz Nwf Liffw Ceonr
32239056176,Jugo Del Valle Frut. 355m
32239055414,Thjr Liffw Uozyr
32239053564,Thjr swf Liffw Uizi 667cf
32239053083,Thjr swf Liffw Uizi 667cf
32239053007,Thjr swf Liffw Uizi 667cf
32239052840,Thjr swf Liffw Uizi 667cf
27400102042,Margarina Caja c/4 Barras
27242439801,Cikkwzw AXHG 8eyk
27242431317,Cikwzzw 24cot
27242431300,Cikwzzw Loyjwt Artl 84c
27242430358,Cikkwzzw Loswr 0eyk
26753880362,Kofree Cotton Swabs 300p
25046501052,Choc.Bocadin c.50 pzas.
25046150137,Cernrfizw Ornisot
25046030224,Ornisot Aipry Imwffiti 
25046030118,Bocadin 50pza.
25046020652,Duvalin  C.18
25046020621,Duvalin Cja/18
25046020614,Duvalin C.18
25046020607,Duvalín Caja c/18
25046020522,Duvalin Tri Sabor c.12
24154579342,Aiysotozik Et Inwozw Qonitzw
24142020955,Cibwzi Srtzwk Cibi
24142020733,Ahyzosr Srtzwk
24142020108,Cachitos Montes C.100
24142020085,Nhfnwk yonrk Owkrk prfki 
24142020078,Dulce Natilla Monte C.100
24142020030,Nhfnwk Nicl prfki nrt 344
24142010062,Cywcwti 27j
24142004061,Qifwzi Uwnew Srtzwk
24142004054,Qifwzi Cfikoni 14xvik
24142001909,Pyhoz Cewu 914xvi
20800790345,Lonq Aotwg 37cf
20800753067,Qwxzr Ookcrf 330cf
20800721288,Desod.Old Spice Gel 85 G.
20800712613,Acondic. Pantene 384 Ml.
20800306423,Aeicxrr Qitzwtw 144cf
18804069956,PASTILLAS CANEL´S 20Pza
18804018169,Discos De Fresa Canel´s
18804018152,Nhfnwk Sitzwdhoffi Citwfk
18804015571,Qifwzi Aitzi Cfihk 14xvik
18804013423,Paleta Lollipops C.25 Pza
18804013324,Qifwzi Srozr Ui LidC74
18804012211,Dulce Canels La Vaqu.C100
18804002564,Chicle Canels C.60 Paq.
18804002106,Chicles Canel´s 4Tab Caja
17929112011,Uwmishyi Hwmisi 714j
17479831035,Aiysotik Gimiyrk 197j
17479831011,Sardinas en S.de Tom.425g
17071102830,Sik 244cf
16757631107,Panchos Ravi Bolsa C.12
14800515305,Clamato 163 ml.
14563003514,Qhaaozrk 974j
14563002005,Avena Inst. Caja c/10
14437010143,Besos De Nuez 71 Gms.
14437010112,Mini Orejitas 71 Gms.
14200532100,Qifwzi Ahjiy Nissl
13602002105,Wrlif Crtzotwtzif 3Dj
13602002006,Wrlif Crtzotwtzif 144j
13602001900,Wrlif Crtzotwtzif 944j
13602001801,Wrlif Crtzotwtzif 344j
13429012721,Brtwl Oipl
13117144246,Pañal Chicolor grande
13117143287,Pañal Chicolor Med.
13117054149,Pañal Classic Grande
13117053142,Pañal Classic Talla 3
13117050844,Toallitas Chicolast c/80
13117050509,Toallitas Humedas Paq. 50
13117050103,Pañal Affective Adulto
13117010879,Pañal Classic Etap.2 C.14
13117010565,Pañal Classic Talla 2
13117010428,Pañal Affective Med.C.8
12345678905,Cucharitas C.Chile C.20pz
7992791337,Bolsa P.Regalo Mediana
7952901294,Gel Le Fleur 1.124 Ml.
7952295860,Fibra Metalica Paq.C 3 Pz
7690201865,Paleta Piña Colad. C.40
7669020523,Paleta Camaron Mara C.40
7617104342,Nwkrsryitzw Qotozr Pfrywk
7615020219,Palomitas Micro 85 Gms.
7596860359,Qifwzi QIUEOJOJ 14xvi
501008433676,CafiAspirina Caja c/40
501001132170,Orfs 744j
312547321914,Uokzwyotw Itzo Aiyyr 974c
312547321839,Uokzwyotw Itzokwxzonr 974
312547321808,Uokzwyotw Crrf Sotz 974cf
312547321778,Listerine Bucal 250ml.
305213241005,Spray Rave 198g.
267531803504,Qfizr Brtsr Qizrk
267531801906,Qfizr  Brtsr Qizrk
267531100740,Qfizr Brtsr Qizrk
123456789104,Oipl Foxwk
95188311284,Jugo Orlando 3.78 ml.
95188310645,Orlando Sun 1.890l
95188011283,Thjr Ricxonr 3 Zif
95188010644,Jugo Tampico 1.89L
86806032445,Rollo Kodak Ultra 35m.C24
86806032438,Rollo Kodak Ultra 35m.C12
84358026243,Wwfrb Nwkxwyzisry
82013765367,Rivi sw Qwfzyw Cotki
81186300584,Gel J-Pluss 1.680g
79522996764,Bolsita mini p.regalo
79522995156,"Bolsa p.,Regalo Mediana"
79522971266,Cuchillos c.base chica
79522970665,Vzwtkofor sw Crnoti
79522968051,Cfrzewk Nylwy
79522963216,Ziffwzwyr Qfikzonr
79522961991,Amigo P.Baño
79522957499,Broches p/Ropa c/36
79522951893,Qiyzl Ryil
79522947599,Cfrzewk Qotk 344xvik
79522947575,Cfrzewk Qotk 84xvi
79522935657,Camión de Construcción
79522922978,Cotonetes c.300 pzas.
79522901294,Gel Le Fleur 1.124 Ml.
79522901263,Gel  1.124 ml.
79522901256,Gel  Le Fleur 1.124ml.
79522648724,Cotonetes Paq. C.430
79522637742,Cotonetes All Pure C.300
79514060637,Mousse Intimate 150 G.
79400873002,Mousse Suave 42 Gms.
79400816702,Srhkkw Sigochc 977j
79400816603,Srhkkw Ahimw 977j
79400816504,Mousse Suave 170g.
79400814005,Srhkkw Ahimw Hizhyifk 354
79400813305,Srhkkw Ahimw Egzyinrtzyrf
79212902425,Canderel C.100 Mas 25 Gra
78028070539,Zuko Fresa 35 G.
77353032170,Plato Pay C.Galleta 170gm
76963030323,Ifcwbik Ahttl Awi924j
76543760015,76171104359
76171104359,Nwkrsryitzw Qotozr Uimits
76171104342,Nwkrsryitzw Qotozr Pfrywk
76171104335,Nwkrsryitzw Qotozr Tikcot
76171104311,Nwkrsryitzw Qotozr Uofin
76171103123,Nwkrsryitzw Qotozr niyyr
76171102270,Nwkrsryitzw Qotozr Ifcovn
76171101891,Nwkrsryitzw Qotozr niyyr
76171101051,Nwkrsryitzw Qotozr niyyr
76171101037,Nwkrsryitzw Qotozr niyyr
76171101020,Nwkrsryitzw Qotozr niyyr
76171101013,Nwkrsryitzw Qotozr niyyr
76150430516,PALOMITAS EXT-MANTEQUILLA
76150200393,Palomitas p/Microondas
75968620148,Bombon Naranjitas 400g.
75182906013,Bofr Qrfoyok 
75182905511,Hilo Iris #2
75095460464,Desd.Speed S.Gel Cyclone
75095460373,Etbhijw Cixyonw INH 244SU
75020605214,Crema Cold Cream  200gms.
75017497262,Qotzhyi Oinr Ofitnr
75015020170,Leche Zaragoza 1 Lt.
75010807083,"Barrita Special K,Roja"
75010636082,Galletas Frutana 530gms.
75010623457,Ziffwzi Cqreok Crfrkif 84
75010569035,Ryoswtz Ceonfw 
75010531050,Refresco Beat 600 Ml.
75010514580,Siovwti Arpyw Citwfi
75010513712,Jtkwnzonosi Xqr Axyil 964
75010510670,Mayonesa Hellmans 790g.
75010510410,Aderezo Cesar 236ml.Hellm
75010425846,Shampoo Racel 2.1
75010425815,Aei Winwf Aipofi C9
75010269323,Tang Mango 625 Gms.
75010264278,"Pepitas Golden Nuts.19g,"
75010262614,Tang Sobre Limon 30g.
75010161393,Patatinas Kipin 25 Gms.
75010154081,Kit Marinela 165.G.
75010151251,Cernrfizw Citikzi Pywkki
75010131710,Jugo Jumex Piña 250ml.
75010123694,Doritos Incógnita 150g.
75010103078,Sabritas Adobadas 100g.
75010016430,Oiyyozi Oyit Pyhz Oocpr 1
74963309920,Combate c/Azuc.Bolsa 250g
74963200470,Café Unico Sobre
74963100916,Crcpizw Orfki 744j
74963100831,Combate Com. Bolsa 250g
74963100534,Ciaw Crcpizw 74j
74963100527,Cafe Combate 100 Gms.
74963100503,Ciaw nrcpizw 944jck
74963100442,Crcpizw 37 Arpywk
74963100435,Combate Esp. Bolsa 250g
74963100244,Ciaw Qyocw Ofwts 344j
74323096989,Dyitql Wonrfotr
74323092486,Nhfnojrcik Wonrfotr
74323088984,Qifwzi Cibwfwzi Wonrfotr
74323078688,Cernrywzik Wonrfotr 14j
74323078657,Cernr Aryxywki Wonrfotr
74323077698,Pasitas c/Choc. Ricolino 
74323077315,Zrcofrnik Wonrfotr
74323077247,Panditas 42.5g
74323077100,Moritas Ricolino 40g.
74323076431,Swzwryrk Ceonfw Orfi 344x
74323073706,Cajita Ricolino 152.5 Gms
74323070064,Zrcozik Qrre Wonrfotr
74323039326,Choco Sorpresa 22g.
74323028270,CHOCOLINA 25 GMS.
72105042001,Qixwf Etnwyisr Figzwg
72067151834,Resistol Adhesivo Dixon 8
71735310016,Silrtwki Ziyswt Cfhp 227j
71735162011,Aderezo p/Ensalada 497g
71735128154,Srkzivi Wws Orl 6204qj
71735128017,Aderezo p/Ensalada 3.98Kg
71287855218,Toallitas Hum. Soffs c/80
71287854907,Toallitas Humed.Softs C80
70985925106,Platos #5D c/20
70637001181,Grasa Pacsa Café 90g.
70440503850,Qixwf Ifhcotor Ohsjwz Ohl
70330909229,Etnwtswsry OJC
70330700918,Wikzyoffr Ruot
70164101903,Hojas T.Carta C.500
69321760519,Thjhwzw Ahxwy Axot Rrx
68548609090,Qixi Crtjwfisi
67238891190,Jabon Dove 135g.
67238891183,Tiprt Nrmw Wrki 344j
65097135020,Qifwzi Sitjrtrt Orfki 94
62338748955,Aromat. Wizard Rosas
62338747347,Wizard  Air Wick 226 Gms.
62338743738,Foviys Ioy Fonq
62338741802,Desod.Wizard  Spray Bouq.
62338741642,Aromat. Wizard Neutra Air
62338057668,Nwkrsryitzw Foviys
62338057620,Wizard Lavender 226 Gms.
62338055657,Aromat. Wizard Citrus
62338055602,Desod.Wizard Spray Peach
61711004305,Zhitzw sw Bhfw Owihzl
56626758641,Crhtzyl Orhdhwz
56626756203,Aromat.Spray Country B.
52800321724,Crema Lubriderm 180ml.
49025201827,Rollo Fujicolor 135 C.24
48155905849,Furniture Polish 354gms.
48001963641,Iswywvr Sof Jkfik 960j
48001961074,Aderezo Ranch 236 Ml.
47400245105,Crema Rasurar Guill.6.2oz
47400130708,Gel P.Rasurar Guillette
738377010154,Chneiyi Hrmi
738176010027,Ciciyrt SIY 694j
732748008009,Paleta Super-Poderosa 50p
732748007583,Qifwzi Ijhik Pywknik 14xv
732748006289,Mini Corazón 40pzas
732748006135,Qifwzi Qilikozr 14xvi
732748006067,Qifwzi Cwymwnozi 14xvik
732748005541,Paleta Sandia S.Chile
732748005480,Qifwzik Aitsoi Owtl 14x
732748005237,Soto Aitsoik 14 Qvi
732748005114,Owtl Crfi 14xvi
732748005077,Soto Sitozi Nw Ui Pryzhti
731082003206,Aifcrt Siniywfi  Hiz 197j
731082002001,Aiysotik Zhilcwg 354j
731082001004,Sardina Guaymex 425 Gms.
730651030131,Picalones C.Chile C.100
730651020019,Paleta Corazon 600g.C.40
729513130027,Lwtsi wfikzoni
729090071355,Thjr sw Rrcizw Artyoki
727969805155,Orfki Wwjifr Zyitsw
727969804158,Orfki Wwjifr jyitsw
727969802154,Orfki Wwjifr Zyitsw
727969528153,Orfki Wwjifr Zyitsw
725226110042,Qhfxiyotsr 344xvik
725226022352,Orzi Nhfnwk Ceoni
725226011356,Bota Navideña Gde De La R
725226006307,Dulces Linea Oro c.100
725226002828,Chicle Cubin  C.100
725181820109,Zhkitr Ceicrl
725181640103,Oipl Uhnik
725181600107,Cibi sw fhnik
725181504108,Skwinkles Fresa Caja C.12
725181436102,Skwinkles Piña Tam.Cj.C12
725181432104,Aquotqfwk  Riciyotsr 39xv
725181248101,Aquotqfwk Ceicrl
725181238102,Aquotqfwk Sitviti gnbi
725181228103,Qwfhnik 39xvik
725181207016,Aquotqfwk Sik
725181205012,Aquotqfwk Riciyotsr
725181172109,Skwinkles x Cja.
725181168102,Aquotqfw Pywki 39xvik
725181120100,Lucas Limón 10pzas
725181105015,Aquotqfwk
725181100102,Zhkitr Uhnik C 34xvik
725181095019,Aquotqfwk g htosis
725181083016,Aquotqfwk
725181079019,Aquotqfwk
725181060109,Lucas Paq.c.10
725181017011,Uhnik Ahxwy Orzw Wrbr
725181011019,Uhnik Uocrt
725181009016,Zhkitr Uhnik
725181005018,Uhnik Inosozr
725181003014,Qwfhnik
724869100205,Orcprt 194 jck
724869100106,Mazapan Grande Cja/30
724869011006,Sivixit Cernrfizw
724869004411,Witozi Cyri
724869004404,Witozi Cyri
724869004022,Chocol.De La Rosa cja.
724869004015,Cernrfizw sw fi Wrki
724869002295,Ciniehizw Tixrtwk
724869001007,Mazapan de Choc.c.16
724609301527,Chetiny´s  25g
724609300872,Oyotnrfozrk 37j
722429320421,Uocxoi Losyork Ahxwy Fots
719886510878,Soto Qwfrt Qwfr Wonr 30xv
719886510632,Greñix
719886510519,Tubo Marakatu C.10
719886510250,Qwfrtwzwk 39 Qvik
719886001017,Qwfrt Qwfr Wonr
718644080899,Grasa P.Calzado 50g.
718644080844,Grasa El Oso Negra 90g.
717557059022,Chocolate Teens 500g.
713606020326,Natillon 735 Gms.
713606001288,Chpozr nrt Hhwv Orfki
709859251006,Plato No. 5D c/20
707373094925,Piñita Loca 60pza
707373094918,Qoni Uocrt 84 Qvi
707373043022,Nokq Sotz 344 Qvi
707373043008,Dulces Disk Menta c.100
706460031072,Feokqik 378j
706347002706,Jabon Calab.Pacsa 125gms.
706347001600,tinta Fuerte Vino 250ml.
706347001198,Grasa Pacsa Negra 90g.
706347001181,Grasa Pacsa Cafe 90g.
704903231256,Gasa Jaloma Cja.c.100
704903072200,Ifjrsrt Bosyraofr 344j
704903072156,Algodón Faloma 50g.
703651020020,Paleta Gloton 680g.C.40
701664502939,Cuaderno Tigger 100h.
701664502212,Cuaderno Prof.100hjs.Cuad
701664500591,Cuaderno Wow Prof. 100h.
701664101934,Hojas T.Oficio C.500
701664101903,Hojas T.Carta Paq.C.500
701511982600,Thcpr Sijtwzk Ryikzwnozrk
701511688007,Likozr Crt Xkr G Ufimwk
693321760519,Thjhwzw Ahxwy Axot Rrx
690751170055,Soto Qifwzozi 344xvik
690102510226,Ahxwy Cix
685486090990,Qixi Crtjwfisi Acoze Piyc
680058635500,Crkcwzon Awz
680058116702,Eknhyyosry
680058100725,Thjhwzw Poyw Wwknhw
678565191985,Xaa Wris 6 Ciyyozrk
657190891286,Qifwzi Rozr Wonr
652290896087,Osito Estuche Largo c.
652290472687,Poyw Bwyrwk
652290276155,Crcpiz Adhisk
652290060204,Aiyzwt sw Rwafrt
650697135051,Qifwzi Qowytrtrt Orfki 94
650697124147,Ahxwy Aitsoi
644209412808,Biyoti Qikzwf Nhtnit Botw
644209411702,Biyoti Qikzwf Nhtnit Botw
644209411207,Harina Pastel Duncan H.Ch
644209410392,Harina Pastel Dunc.Cherry
644209004478,BETUN CHOCOL.DUNCAN H.
633148211054,Itjwfozrk Qrfmozr Orfki
633148211047,Ceichnrk Qrfmozr Orfki
619684005012,Tenedor Margarita C.50
619684003018,Cucharas Pozoleras C.25
619684002011,Cucharas Monar-K c/25
616591600224,Crtzyhnzort Ryinzry 
613963110626,Pfry No Qikzi Uwzyik
613064120289,Ceoneiyyrt Nw C Ef Ceiyyr
608890030208,Goma Gajo Naranja  908g.
608890030192,Dulces gomitas c.100
608890010033,Chicle Totito 600 Gms.
608890010026,Chicle Totito C.100
608890010019,Chicle Totito 600 Gms.
606399198122,Camarón Oceanpearls 320g.
603554001075,Oitswyozik sw Crnr Orfki
603554001068,BAndera Mediana c.20 pzas
603554001051,OItswyi 744 jck
602499161035,Lwfisryi Aijyisr Cryivrt
501027275226,Tinte Imedia 8.1
763876150100,Hilo Omega Negro 300mts.
761755013737,Pfox Xmwy Lweonfw
761755012105,Ofinq Prrz Ciyyozr Crtzyr
761755009389,Swzyilwzi Qrfonw Prynw
761755008818,Wris Azwwf Ryrdhozi
761755008368,Soto Srtkzwy Ciyyozr
761755007835,Thjhwzw Ahxwy Cix Zht
761755006104,Qrfonw Rwic Ciyyozrk
761682800233,Hiyitbivr
761682800127,Qifwzi Cehxi Bhwni Orfki
761682009209,Paleta Beso Ard. Bolsa 40
759686892125,Paleta Karla Chupadedo c.
759686860322,Cehxiswsr Ahyzosr
759686651012,Qoni Pywki 344xvik
759686650329,Gomitas de Sandía Bolsa
759686640153,Qifwzik Ciniehizw
759686620148,Sifmimoknrk Hiyitbozik 
759686620124,Bombon Banderitas 400g.
759686592124,Ef Ceixhfot Crfryisr 14
759686560505,Paleta Tarrito Bolsa c/40
759686560024,Paleta El Chavo Bols.c40
759686512122,Paleta Rodillo Vero C.40
759686460362,Crbotnozrk 844j
759686360396,Qifwzik Rwniofik 14xvik
759686360372,Frutti-Pops 48pza
759686360358,Paleta viruela bolsa c.40
759686302600,Ceyokzcik Qrxk 50xvi
759686301122,Paleta Fruty PopxBols..48
759686291126,Tarugadas  560gms.
759686290105,"Rellerindo 700g,"
759686220348,Bombon Trencitas 400g.
759686122680,Sifmoqyrtne
759686120129,Bombon Fresas 420 Gms.
759686120112,Bombon Malvipiña Col.420g
759684901058,Bicarbonato Jaloma 100g.
759684432101,Glicerina Jaloma 60 Ml.-
759684431159,Khozi Ekcifzw Tifrci 74cf
759684315107,Ijhi Xgojwtisi 339cf
759684315053,Ijhi Xgojwtisi 78cf
759684273063,Dohzk
759684272202,Kiuts Jaloma C.100
759684272103,Dohzk Shfzoixfonisrywk 
759684272004,Dohzk Shfzoixfonisrywk
759684271038,Crzrtwzwk Dohz Orfkozi 94
759684153037,Sicofi Aofonrt Tifrci
759684031250,Inwozw Wonotr
759684031205,Inwozw sw Ifcwtsyik 84cf
759684031052,Inwozw sw Xfomr 84cf
757437601125,Gel Bon Gelle 1 Kg.
754373082827,Ipywfizik AhxwyCit
754373006144,Wilisry nrt Wwnoxowtzw
754177846236,Dulces Cubis c.50
754177804038, Fresh Polvito Magic.36 S
754177804021,Fresh Polvo Sobrecito 7g.
754177804014,Fresh Polvito 7.g
754177804007,Pywke Qfmr Arpywnozr 5j
752216081051,Plato Paquete C.50 No.855
752216081044,Plato No.66  Paq.C.50
752216073056,Vasito No.4 C.50 Jaguar
752216051030,Qfizr Tijhiy 97xvik
752216044018,Qfizrk Crt Nomokort Tijhi
752216040010,Vaso No.12 Jaguar C.50
752216031025,Vaso Plastico no.10
752216030011,Vaso No.8 Jag-.C.50
752216020012,Vaso Desech.No.6 Jaguar 
752216010013,Vaso Plastico No.5.5 C.50
751728021289,Cacahuate Garap.1150g
751214006127,Ciyxwzi Ziyaowfs
751214006066,Ciyxwzi Fottow Qrre
751214006059,Ciyxwzi Sonqwl
751214006011,Ciyxwzi Oiypow
751140030067,Harina p/Pastel Marmol
751140030050,Owzht Nrl 171j
751140030043,Owzht Cernrfizw NXG
751140030036,Biyoti Qikzwf Nrl Iciyoff
751140030029,Harina p/Pastel Blanco
751140030012,Harina p/Pastel Chocolate
751140010175,Elote Doy 225 G.
750954600464,Desod.Speed S.Gel Cyclone
750302348314,Frutitas Bolsa C.40 Pzas
750301205076,Aifki Srfnibwzw Orzw 974c
750301205021,Aifki Oryyinei Orzw 974cf
750176574151,Inwozw Eijfw Xof Srzry Zi
750138791096,Pan Integral C.4 Coco
750138791089,Siyyitozrk Jtzwjyifwk Ciy
750138791058,Empanadas Integrales C.4
750108647205,Cwxoffr Nwtzif Qyr Nhyr
750108069837,Cereal Buzz Blasts 35 G.
750108052617,Oiyyozi Iff Oyit Qikik 14
750108020791,Choco Leche Kellogs.400g.
750108017258,Froot Loops 35g.
750106513424,Salsa Catsup D.M. 700g.
750105930802,Mousse Get Set 200g.
750105921032,Paleta Galactea Nest.35ml
750105450803,Crema Nivea Milk U.V. 125
750105310616,Soda Manzana Lift.600l.
750105310500,Refresco Beat  600ml.
750105308798,Jugo Powerade 591ml.Lima 
750105305742,Ciel Mineralizada  2lt.
750105102018,Arxi Dtig Wwk
750105062820,Afrinex Caja C.20 Grageas
750104225815,Aei Winwf Aipofi C 9
750104095016,Grnywcw Grxfioz Liotoffi
750103641029,Pañuelos Scottis C.100
750103601023,Biyoti Zfrpr Ainr 7Dj
750103590219,Suavitel Econopack 900ml.
750103509229,Jabon Palmolive Clas. 90g
750102832060,750102721476
750102721476,Shampoo Elvive Lor.300ml.
750102420445,Zwfizoti Qyrtzr 87j
750101603427,Nesquick Bolsa 200gms.Cho
750101314416,Jugo Bida Jumex 200ml.
750101312039,Jugo Jumex Mango 1 Lt.
750101180274,Prnr 344F
750101123694,Doritos Incógnita 150g.
750101051021,Plato Termico C.Div.C.20
750100264278,Pepitas Golden Nuts.19g.
750013118117,Thjr Thcwg Uizi 654cf
749732012546,Cfrzewkxotk 74xvi
749732010627,Broches P.Ropa Paq.C.72
749732004022,Limpiador de Baño c/Cep.
748622161418,Serpentina Paq.
745403001482,Wrffl Qrx 67j
745403001475,Wrffl Qrx Aipry Riciyotsr
744911006026,Piña´s Pop 40pzas
744911005951,Qfizojrcok 874j
744911005906,Paleta Mazorquin c.20
744911005883,Sitjrcok Diyfi 874j
744911005869,Sitjrcok Ceofw Orfki
744911005807,Vasito Karla Chico C-12
744911005685,Goma Corazon 454 Gms.
744911005654,Zrcozik Diyfi Orfki
744911004701,Paleta Karla Molcaj.c.40
744911004602,Paleta Karla Takin c.40
744911003407,Paleta Karla Telef. c.40
744911003100,Vasito Karla Grande C-8
744911002714,Cwywnozik
744911002707,Cwywnozik
744911001687,Paleta Jilotes Karla C.40
744911001373,Qifwzi Sofq Qrxk Diyfi
744831160556,Lwfisryi soicitzw cwsoiti
744831157259,Lwfisryi Jcijwt
744831157150,Lwfisryi Jcijwt Loyjwt
744831157112,Lwfisryi Loyjwt Zhisifhxw
744831157051,Veladora Imagen Sn.Judas
744831152650,Veladora Vaso  C.Flores
744831152452,Lwfisryi Likr Zyhwkr
744831152254,Lwfisryit Likr Ceonr
744831150953,Lwfisryi 
744831150359,Veladora Rosita  c.flores
744831122110,Lwfisryi Uhv Ezwyti
744218103053,Uhnql Zhcclk 3qj
744218001038,Qineonfwzi 94 Qvik
744218001007,Qineonfwzi
743230039326,Choco Sorpresa 22g. Ricol
742725181502,Thwjr
742587050275,Cwywnwzk  3qj
742587045110,Chocolate Cereza C.10
742587035654,Cernrfizwk Pfrxk Orfki
742587035197,Chocol Bremen cja.c.10.
742434001153,Chile Para Nachos 2.8kg
740453003004,Bañera
740453001253,Escurridor p.Trastes
740453001079,Thwjr sw Wwnoxowtzwk
740085500148,Ceineozrk 744j
740085250135,Chachitos 250 gms.
738545020046,Ceicrl Swji 3U
738377110021,Chneiyik Arxwyik
6820127733834,Risador De Pestañas
5034281002045,Srhkkw Zokwffw  Egzyi
4974052819469,Siynisry Iyzfotw 
4902520163172,Rollo Fujicolor 110 C.12
4891861020384,Thjhwzw Cicort 
4006353382127,Rollo 135-24 
4006353382110,Rollo Agfa 135 c/15
4006353382080,Rollo Agfa C.24
4006353320426,Rollo Agfa 110 c/12
4004675083715,Soft-N-Lite
3014260279264,Cepillo Stages Infan.Oral
809726573191,Soto Qokzrfi Aofonrt
806796816388,Chocol.Mikerin Bol.C.20 P
806796815589,Ifxwffi
806796016382,Chocol.Ulkerin Por Piezaa
799227913377,Bolsa P.Regalo Mediana
795144060637,Mousse Intimate 150g.
795144060101,Crema  Intimate 590ml.
792250101094,Natillon c/nuez Bolsa 12
790203023561,Siyocpik Jtsl 39 Qvik
790203023530,Dedos Andi Caja C.12 Pzas
790203019113,Nwsr Jtsl
789103709264,Inrtsonortisry Nrmw 974cf
786943045055,Uopyr Crfrywiy
783502101016,Nhfnwywvi Ui Ziyswtoi
780280705368,Zuko Horchata 35 Gms.
780280705351,Zuko Sabor  Piña 35 G.
767982016060,Robwyi Qofrz
766902001919,Qifwzi Crnzwf Pyhzik Siyi
766902001865,Paleta Piña Colad.Mara C.
766902001841,Paleta Barco G.Mara C. 40
766902001834,Paleta Delfin Mara C.40
766902001810,Paleta Cocolazo Mara C.40
766902001728,Qifwzi Ziffwzi Siyi 14xvi
766902001193,Qifwzik Soziswk  C14xvik
766902001186,Soziswk Aitsoi 14xvik
766902001124,Paleta Manzana Mara C.40
7501001030179,Pasta Yemina O.de Perdiz
7501001030162,Qikzi Gwcoti Siniyyrt
7501001030155,Pasta Yemina Fideo Med.
7501001030131,PJNEX CISOWIG 944Z
7501001030094,Qikzi Gwcoti Ekzywffi 9
7501001030087,Qikzi Gwcoti Ekzywffi 3
7501001030070,Qikzi Gwcoti Crypizi
7501001030063,Qikzi Gwcoti Crtnei 9
7501001030049,Qikzi Gwcoti Crtnei 3
7501001030032,Qikzi Gwcoti Crsr Uokr 9
7501001030025,Qikzi Gwcoti Crsr Uokr 3
7501001030018,Arxi Ifaipwzrk Gwcoti
75010645213,Ziffwzik Ahyzosr Wonr 534
7501005151931,Mayonesa Hellm.105 Gms
7501005147460,Pfit Dywcwf 394j
7501005147286,Pfit Dywcwf 394j
7501005145800,Izrfw Siovwti Citwfi
7501005145442,Siovwti Arpyw Crnr
7501005138420,Knor Arroz Blanco 110gms.
7501005136549,Arxi Dtryy Iyyrv Qrpfiti
7501005136471,Arxi Dtryy Iyyrv 994j
7501005136334,Iyyrv Dtryy 994j
7501005129954,Arxi Dtryy Uwzyik 09j
7501005129947,Sopa Knorr Estrellas 82g.
7501005129930,Sopa Knor Fideo c.Pollo
7501005129923,Sopa Knor Fideo 82g.
7501005125345,Sowf Diyr 974cf
7501005125161,Miel Karo Bebe 500 Ml.
7501005122153,Miel Karo Maple 500ml.
7501005120241,Sowf Diyr Liotoffi 974cf
7501005120104,Sowf Diyr Liotoffi 744cf
7501005110389,Siovwti 384j
7501005107297,Siovwti Arpyw Cibwzi
7501005107150,Siovwti Arpyw Hhwv
7501005107013,Siovwti Arpyw Cernrfizw
7501005106979,Siovwti Arpyw Liotoffi
7501005106801,Siovwti Arpyw Pywki
7501005102018,Arxi Siyhneit  Dtryy Wwk
7501005101998,Dtig Ciciyrt G Ceofw
7501005101981,Sopa Knax Camaron 64g.
7501005100670,Mayonesa Hellmans 790gms.
7501005100519,Mayonesa Hellmans 790g.
7501005100427,Aderezo Ranch. 250g.
7501005100410,Aderezo Cesar 236 Ml. Hel
7501005100403,Aderezo Mil Islas 250g.
7501003391049,Cerezas Bufalo 102.Gms.
7501003391018,Cwprffozik sw Cicpyil 974j
7501003184078,Miel Abeja Carlota 300g.
7501003184030,Sowf Ciyfrzi 744j
7501003150233,Mole Doña Maria 235g
7501003150219,Mole  Chiquito 125g.
7501003149336,Adobo Doña Maria 235g
7501003149237,Pipian Doña Maria
7501003149138,Srfw Lwysw 967j
7501003131225,Lotijyw 274cf
7501003131218,Lotijyw 154cf
7501003130341,Salchicha Viena Hedz.275g
7501003130228,Jamon Herdez 160gms.
7501003129161,Izht Bwyswv 351j
7501003128539,Chile Rajas Rojas Hdz.200
7501003127235,Aifki Cikwyi Bwyswv 934j
7501003126221,Thjr L0 Uizi 667cf
7501003125309,Rebanadas De Piña Herdez
7501003124623,Qocowtzrk Sryyrtwk 944j
7501003124272, Garbanzo Herdez 450g.
7501003123411,Champiñones 186g
7501003123213,Champiñones Herdez 186g
7501003123114,Champiñones Enteros 186g.
7501002669323,Tang  Mango Bolsa 625gms.
7501002669125,Ritj WQinq 844jck
7501002667602,Cligh Fresa 11gms.
7501002667305,Cligh Limon 11gms.
7501002667107,Cligh Naranja 11gms.
7501002662928,Tang Sobre 30g.Jamaica
7501002662812,Ritj Arpyw Sitviti 67 Zck
7501002662614,Tang Sobre Limon 30g.
7501002662416,Tang Sobre 35g.Mango
7501002662317,Tang Sobre 30g.
7501002662218,Tang Sobre 35g.
7501002636806,Gelatina GELL-O 130g
7501002636707,Gelatina JELL-O 130g
7501002636509,Gelatina JELL-O 130g
7501002636301,Jello 130.G
7501002636202,Gelatina JELL-O 130g
7501002636103,Gelatina JELL-O 130g
7501002615122,Queso Filadelfia 190g.
7501002600234,Tang Sobre Fresa 30g-.
7501002600227,Cligh Tamarindo 11gms.
7501002600210,Cfojze Bryneizi Citwfi
7501002600166,Clight 11g. Jamaica
7501001683207,Kermato 340 Ml.
7501001662608,Pyobrfwk Wwayozrk 961j
7501001656041,Chocolate Almon Ris Cja.
7501001653927,Chocolate Cajetoso C.14
7501001625351,Lucky Charms 395 Gms.
7501001625337,Hwkdhoq 964j
7501001617745,Leche Nido 130 Gms. Bolsa
7501001617738,Leche NIDO Normal 1.800g
7501001617721,Uwnew HJNX Hrycif 244j
7501001617622,Leche NIDO Kinder 900g.
7501001617615,Uwnew HJNX Dotswy 144j
7501001613242,Cereal Trigo/Manz/Plat 330
7501001613235,Cwywif Jtaitzof Hwkzfw 664
7501001613228,Cereal Trigo/Miel 330g
7501001613211,Cwywif Hwkzfw Imwti 664j
7501001613006,Cwywif Hwkzfw Iyyrv 664j
7501001609030,Kermato 1Lt.
7501001609023,Dwycizr 154 cf
7501001609009,Dwycizr 974cf
7501001604462,Aifki sw Arli 317cf
7501001604370,Hwkdhoq Arpyw 97j
7501001604318,Salsa Inglesa 145 ml.
7501001604103,Jugo Maggi 100 ml.
7501001603496,HwkKhoq Nw Pywki 144j
7501001603472,HwkKhoq 3Dj
7501001603465,HwkKhoq Cernrfizw 174j
7501001603427,Nesquick Bolsa 200 Gms.
7501001602932,Hwkniaw Cfikonr 944j
7501001602925,Hwkniaw Cfikonr 344j
7501001602918,Hwkniaw Cfikonr 74j
7501001602871,Ciaw Noxfrciz 74j
7501001602734,Nrfni 944j
7501001602727,Dolca  100 Gms.
7501001602710,Nrfni 74j
7501001602420,Nwnia 944j
7501001602413,Nwnia 344j
7501001602406,Nwnia 74j
7501001601614,Cwywfin Hwkzfw 144j
7501001600426,Swsoi Cywci Hwkzfw 997j
7501001600150,Uwnewyozi Hwkzfw 336j
7501001600105,Uwnewyi Hwkzfw 625j
7501001169374,Always Nocturna Flexi-Ala
7501001169343,Toallas Always C.20 S.Ala
7501001168469,Shampoo Pert Plus 400ml.
7501001147594,Lonq Qikzoffik
7501001133658,Shampoo Head Should.400ml
7501001133610,Shampoo Head Sh.200ml.
7501001133283,Shampoo Head/Sh. 400ml.
7501001133276,Aeicxrr Bwis Aerhfswy 144
7501001132316,Nrt Sigocr 997j
7501001132170,Orfs 744j
7501001132163,Orfs 3Dj
7501001132132,Ywkz Cozyhk Axryz 944j
7501001132125,Jabon Zest Citrus S. 150g
7501001132019,Jabon Escudo 150 Gms.
7501001132002,Tiprt Aiawjhiys 344j
7501001130763,Maestro Limpio Lim. 500ml
7501001130664,Aifmr 974j
7501001130657,Aifmr 744j
7501001130640,Aifmr 3Dj
7501001128845,Pañal Pampers Mediano
7501001128838,Pañal Pampers Gde.
7501001128319,Ifuilk Hrnzhyti Aot Ifik
7501001126209,Tiprt Ywkz Idhi 944j
7501001125998,Tiprt Ywkz Idhi 344j
7501001125981,Jabon Zest 150g.
7501001125929,Jabon Camay Clas.Chico
7501001125912,Tiprt Cicil 374j
7501001125905,Tiprt Cicil 944j
7501001125745,Downy 450 ml.
7501001125721,Downy 900ml. Econopack
7501001124151,Ifuilk Nwfjisi Aot Ifik
7501001124120,Always Sin Alas C.10 Delg
7501001121808,Tiprt Ywkz Hwhzyr 374j
7501001120948,Iyowf 974j
7501001120931,Iyowf 744j
7501001120924,Iyowf 3Dj
7501001120658,crema Dent.Crest.Anticari
7501001042684,Galletas Ilusiones 800g.
7501001030216,Qikzi Gwcoti Axijewzzo
7501001030209,Pasta Yemina S.de Melon
7501001030193,Qfhcoffi Gwcoti
7501001030186,Sopa Plumilla No.1 Yemina
7501011002395,Pyhzko Axryz 644cf
7501011002388,Pyhzko Axryz 644cf
7501010512109,Plato Des. PH8 c/20
7501010510211,Plato C.Division Term. C.
7501010506252,Plato PH6 c/25
7501009301141,Cajeta Vainilla Coron.310
7501009301134,Cajeta Envinada Coron.310
7501009301127,Cibwzi KhwcCryrtisr 654j
7501009008002,Aiyosrt C 94
7501008496701,Aspirina Efervesc.C.12
7501008491966,Aspirina Caja c/40
7501008443026,Alka-Seltzer Caja c/100 
7501008442838,Alka'Seltzer C.100
7501008433676,Cafiaspirina Caja c/40
7501008091289,Cereal Special K.52 G.Caj
7501008091258,Cereal Choco Krisp.52.5g.
7501008091241,Cereal Zucaritas 52.5 G.
7501008075548,Oiyyozi Hhzyo Zyiot Pywki
7501008073650,Chokos Kellogg´s
7501008070864,Oiyyi Axwnoif D 
7501008070833,Barrita Special K.Roja
7501008069837,Cwywif Ohvv Ofikzk 67 Zck
7501008052617,Barrita All Bran Pas.40g.
7501008052587,Allbran Paquetito C.2.
7501008046258,Choco Zucaritas 41 Gms.
7501008046029,Cernr Yhniyozik 634j
7501008044223,Cereal Choco Krispis 30g.
7501008044216,Soqwyk Dwffrjk
7501008038055,Choco Krispis 530gms.
7501008038024,Cernr Dyokxok 694j
7501008034194,Barrita Nutri Grain 39 G.
7501008033906,Cryt Qrxk 894 Zck
7501008030523,Special K. Barrita Kellog
7501008029299,Crusli Chocol.Barrita Kel
7501008023433,Cereal Poo Hunny Bs.460g.
7501008020791,Cernr Uwnew Dwffrjk 144 Z
7501008017753,Special K.340 Gms.
7501008017746,Axwnoif D 944j
7501008017258,Froot Loops 35gms.
7501008017050,Pyrrz Urrxk 604j
7501008017029,Froot Loops 230g.
7501008015254,Zucaritas 41 Gms.
7501008015056,Zucaritas 510 Gms.
7501008015025,Yhniyozik 644j
7501008014028,Iff Oyit 744j
7501008010259,Corn Pop 35 G.
7501008010020,Cryt Qrxk 964j
7501008008027,Wiokot Oyit 684j
7501008006054,Bran Flakes 540 Gms.
7501008006023,Oyit Pfiqwk 634j
7501008001080,Corn Flakes 660gms.Kellog
7501008001073,Corn Flakes Kellogs 500g.
7501008001059,Cryt Pfiqwk 674j
7501008001028,Corn Flakes 200g.
7501007829814,Sardina En Tom.Calmex 170
7501007704500,Servilletas Petalo C.500
7501007704302,Servilletas Petalo c/125
7501007701301,Papel Petalo Paq.4 Rollos
7501006830026,Ijhi Xgojwtisi Uiki 334cf
7501006830019,Ijhi Xgojwtisip Uiki 77cf
7501006813029,Lorfwzi sw Zwtnoiti 64cf
7501006810127,Inwozw sw Wonotr 77cf
7501006810028,Ifnrerf 964cf
7501006558869,Champiñones Reb.186 Gms.
7501006539066,Piña en Almibar 490g
7501006537963,Mermelada Costeña 500g.
7501006536942,Efrzw swf Srtzw Uizi 997j
7501006536713,Ceoneiyrk swf Srtzw 394j
7501006536683,Chile Chilpotles 205 Gms.
7501006535549,Ceoneiyrk 134j
7501006532753,Ensalada Verd. Monte 240g
7501006532746,Etkifisik Nw Lwyshyik 937
7501006532494,Chicharos y Zanah. 215g
7501006530285,Swycwfisi Pywki 644j
7501006513493,Cizkhx 6Dj swf Srtzw
7501006513424,Salsa Catsup D.M.700 G.
7501006423280,Cywci Rwizyonif Wrki 364j
7501006423167,Crema Tatrical Azul 400g.
7501006423143,Crema Tatrical Azul 230g.
7501006423129,Crema Tatrical Azul 130g.
7501006423044,Crema Teatrical Azul 52g.
7501006401103,Cernrfizw Sitonwyr
7501006401011,Cernrfizw Cixozit
7501005189729,Mayonesa Hellmann´s 425g
7501005189682,Mayonesa Hellmann´s 215g
7501005188944,Mayonesa Hellmann´s 95g
7501005186674,Dtry Rrcizw 344j
7501005182003,Crtkrcw Dtryy Wwk Cibozi
7501005181228,Cifsr sw Qrffr 997j
7501005180832,Knor Suiza Fco.450gms
7501005180658,Crtkrcw 344jck
7501005180306,Crtkrcw Dtryy Qrffr Cibi
7501005178945,Cifsoffr sw Rrcizw 974cf
7501005178877,Cifsoffr sw Rrcizw 744cf
7501005155304,Prep. Hamburguesa 50g
7501005151979,Silrtwki Bwffcittk 524jck
7501005151962,Silrtwki Bwffcittk 624j
7501005151955,Mayonesa Hellmans 190g.
7501017380923,Qixwf Dfwwtwg Jtsomoshif
7501017376155,Qixwf Dfwwtwg Jtsomoshif
7501017364657,Papel Cottonelle Paq.c.4
7501017364596,Servilletas Delsey C.125
7501017364510,Pañuelos Kleenex Grande
7501017363995,Kotex Free Soft C.10
7501017361410,Awymozriffi Lrjhw
7501017361236,Dfwwt Qinq Ihzrisewyopfw
7501017361182,Servilletas Lys C.500
7501017361175,Servilletas Lys C.250 Pza
7501017361120,Pañuelos Kleenex Chico
7501017361083,Pañuelos Kleenex Mediano
7501017349791,Cuaderno Scribe Prof. 100
7501017345625,Cuaderno Scribe Esc. 90h.
7501017343003,Anyopw Chisyonhfi 344e
7501017342990,Cuad. Prof.Scrib.Cuadr.Ch
7501017342976,Cuad. Prof.Scribe Raya 
7501017342150,Chiswytr Anyopw Qywcohc
7501017341092,Cuaderno Scribe Prof.
7501017341061,Cuaderno Scribe Prof. 100
7501017340798,Block Dibujo Scribe  20h.
7501017340682,Chis Anyopw Ceonr Chisyrk
7501017340651,Cuaderno Scribe Raya 50h.
7501017340590,Cuad.Doble Raya Scrib.50h
7501017340569,Chiswytr Nophbr 74e
7501017209453,Cuaderno Jaguar 50h.
7501017209156,Chiswytr Tijhiy 74 Brbik
7501017202188,Chiswytr Qrfozr 04 Brbik
7501017006021,Ceoxrzfwk Isrpisrk 347j
7501017006014,Rajas De Jalapeño 105g
7501017006007,Chile Serranos Esc. 106g
7501017005338,Pimiento Morron Ente.360g
7501017005154,Aceitunas Costeña 192 Gms
7501017005109,Mermelada Piña Cost.260g.
7501017005093,Mermelada Costeña 260g
7501017005079,Salsa Mexic.Cost.220gms
7501017005055,Rajas Rojas en Esc. 220g
7501017005031,Chile Chipotle 220g.
7501017005024,Rajas de Jalapeño 220g
7501017005017,Chile Serrano 220g.Costeñ
7501017004386,Frijoles Bayos Refr.400 G
7501017004362,Frijoles Bayos Ent. 560g
7501017004287,Frijoles Charros Cost.560
7501017004270,Frijoles Bayos Refr. 580g
7501017004072,Mermelada Costeña 520g.
7501017004065,Swycwfisi sw Pywki 794j
7501017004041,Vinagre La Costeña 500ml.
7501017004027,Chile Rajas 380g.Costeña
7501017004003,Chile Jal. en Esc. 380g
7501017003396,Trocitos De Piña 800g
7501017003358,Crnzwf sw Pyhzik 074j
7501017003167,Nhyivtr wt Ifcopiy 094j
7501017003105,Mermelada Cost.1.060
7501017003020,Rajas Jalapeño 800g
7501017003006,Chile Jal. en Esc. 780g
7501017002061,Nacho Jalap. Esc. 2.800kg
7501017002009,Chile Jal. en Esc. 2.8Kg
7501015590089,Choco Kinder cja.c.10
7501015590072,Cernr Dotswy g xowvi
7501015530856,Cernrfizw Cryrfoto Cbi 34
7501015520062,Cernr Douo 144j
7501015511251,Cernrfizw Citikzi Pywki
7501015505298,Cernrfizw Cryrfoto
7501015505243,Cernrfizw Cryrfoto
7501015505236,Cernrfizw Cryrfoto
7501015505212,Cernrfizw Cryrfoto
7501015505205,Cryrfoto Ifcwtsyi
7501015210192,Puntillas Pelikan 0.5
7501015200926,Rotzi Ceoti 35cf
7501015028087,Cernrfizw Yhovi Cbi694j
7501015021125,Cernrfizw Wonipiyyi
7501014601823,Qotzhyi Lotno
7501014601250,Qotzhyi Lotno
7501014601229,Qotzhyi Lotno
7501014601199,Qotzhyi Lotno
7501014601090,Qotzhyi Lotno
7501014601014,Qotzhyi Lotno
7501014400778,Qifoffrk Wwsrtsr
7501013191219,Jugo Bida Fresa 500ml.
7501013189346,Thcwg Axryz Sryi 844cf
7501013189308,Jumex Sport 600ml.Lima Li
7501013189292,Thcwg Axryz Rryrtbi 844cf
7501013189148,Jumex Sport 600ml.Uva
7501013189131,Thcwg Axryz Hiyitbi 844cf
7501013189087,Thcwg Axryz Pyhzik 844cf
7501013188295,Jugo Jumex Sport 473 Ml.
7501013188134,Jumex Sport 473 Ml.
7501013163131,Thjr Ico Thcwg Hiyitbi 1f
7501013154245,Jugo Pau Pau Limon 250ml.
7501013154139,Thjr Qih Qih  Hiyitbi 974
7501013154030,Thjr Qih Qih Sitjr
7501013144215,Jugo Bida Fre. 200ml
7501013144147,Thjr Oosi Vmi 944cf
7501013144130,Jugo Bida 200ml.Jumex
7501013144116,Jugo Bida Piña
7501013144062,Jugo Bida 200ml.
7501013144031,Thjr Oosi Thcwg
7501013144024,Jugo Bida 200ml. Jumex
7501013123050,Jugo Jumex Durazno 250ml.
7501013123036,Jugo Jumex Mango 250ml.
7501013123012,Jugo Jumex Pera 250ml.
7501013122121,Thjr sw Rrcizw 3U
7501013122114,Jugo Jumex Piña 1 Lt.
7501013122107,Jugo Toronja Lt. Jumex
7501013122053,Jugo Durazno Jumex Lt.
7501013122039,Jugo Jumex Mango Lt.
7501013120134,Jugo Ami Jumex 500ml.
7501013119121,Thjr Thjr sw Rrcizw 3U
7501013118193,Thjr Thcwg Uizi 654cf
7501013118117,Jugo Jumex 370ml.
7501013118032,Jugo Jumex Mango 355ml.
7501013118018,Thjr Thcwg Uizi 654cf
7501013117110,Jugo Jumex Piña 250ml.
7501013117073,Jugo Jumex Chabac.250ml.
7501013117066,Jugo Jumex Guayaba 250ml.
7501013117035,Jugo Jumex Mango 250ml.
7501013117011,Jugo Jumex Pera 250ml.
7501011800274,Prnr 344 F
7501011800243,Foco G.E. 75 Watts
7501011800182,Prnr 14F
7501011395145,L0 Axfike Yitiyitbi
7501011393813,L0 Axfike Douoaywkrt
7501011393806,Thjr L0 Axfike 156cf
7501011393608,L0 Axfike Ryrxo Pywke
7501011320178,Cywci sw Efrzw 634j
7501011312678,Crema de Champiñones
7501011310575,Arxi Qrffr l Iyyrv 644j
7501011200418,Jugo Tropicana 3.7 L
7501035905061,Ibig Uodhosr 744cf
7501035904996,Desod.Speed Stick Barra
7501035904989,Desod.Speed Stick Barra
7501035904040,Lwf Wrkozi 744cf
7501035903821,Gel Caprice 400 Ml. Sabil
7501035903814,Gel Caprice 400g.
7501035903760,Aei Cixyonw 244cf
7501035903623,Sijozwf Orfki 7 Rwfik
7501035903234,Ahimozwf Qyocimwyif 6 Uzk
7501035903104,Ahimozwf Iciyoffr 3U
7501035903029,Ahimozwf Ivhf 3U
7501035902510,Desod.Lady S.Gel Floral 6
7501035902480,EHTVIZVE CIQWJCE 244SU
7501035902442,Etbhijhw Cixyonw 244cf
7501035902053,Jabon Palmolive Nat. 150g
7501035902039,Jabon Palmolive Nat. 100g
7501035901155,Jabon Axion 250gms.
7501035901148,Igort 744j
7501035901131,Igort 3Dj
7501035900998,Crema Dent.Colg.Total 100
7501035900226,Suavitel Aroma Sol 900ml.
7501035900219,Suavitel Econopack 900ml.
7501035900134,"Pasta Dental Bicarb,100 m"
7501035102446,Cotzi Isewkomi 30g 66
7501035102439,Rwox Titwf 39M87
7501035102422,Cotzi Isewkomi 39g66
7501035102408,Rixw Titwf 39M34
7501035100121,Sikqotj Rixw 91g74c
7501035100114,Sikqotj Rixw 30M74cc
7501032971052,Windex C.Atomizador 650ml
7501032970086,Drano Destapacaños 500ml.
7501032970031,Drano Destapacaños 946ml.
7501032940300,Ceotrfi Crfryaowf Ciaw
7501032940102,Ceotrfi Crfryaowf Hwjyi
7501032938215,Zfisw Cicxrk Nw Uimitsi
7501032926427,Jtkwnzonosi Wios Sig 914
7501032926403,Wios Sig 159cf
7501032925703,Wios Ciki G Tiysot 934j
7501032910136,Glo-Mosa 946ml
7501032907006,Zfisw Itzo Ripinr 131cf
7501032213213,Cucharas Party C.25
7501032212025,Qrxrzwk Aoxx 374xvi Ceonr
7501031280230,Qrffr Pywki
7501031280094,Qrffrk Cernrfizw
7501030602361,Crfrywk Sijonrfry 39xvik
7501028836501,Wwkokzrf Ohffl 5j
7501028836181,Resistol Bully 120g.
7501028836174,Resistol Bully 57g.
7501028836167,Resistol Bully 30 g.
7501028836112,Wwkokzrfozr 84j
7501028836105,Resistolito Escolar 30g.
7501028832060,Resistol 850 de 250g.
7501027875846,Astringosol Normal 220ml.
7501027875839,Astringosol Menta 220ml.
7501027873163,Botsk Qowf Wwkwni
7501027873156,Crema Hinds 230ml.
7501027513410,Oopwyrt Emwtafr Ceonr
7501027512055,Oopwyrt Emwtafr Zyitsw
7501027293473,Desod.Obao Caballero
7501027286024,Nwkrsryitzw XOIX Cipiffwy
7501027286017,Desodorante OBAO Cab.
7501027285614,Tinte Imedia 6.35
7501027284082,Nwkrsryitzw XOIX Nici
7501027278487,Nwkrsryitzw XOIX Nici
7501027275561,Tinte Loreal 7.35
7501027275547,Tinte Imedia 5.4
7501027275530,Tinte Imedia 3.16
7501027275523,Tinte Imedia 2.10
7501027275516,Tinte Imedia 1.01
7501027275509,Tinte Imedia 7.46
7501027275493,Tinte Imedia 6.46
7501027275486,Tinte Imedia 6.26
7501027275479,Tinte Imedia 5.64
7501027275400,Tinte Imedia 7.43
7501027275394,Tinte Imedia 8.45
7501027275387,Tinte Imedia 4.45
7501027275370,Tinte Imedia No.10
7501027275363,Tinte Imedia 8.31
7501027275356,Tinte Imedia 7.31
7501027275325,Tinte Loreal 10.1
7501027275301,Rotzw Jcwsoi 5
7501027275295,Tinte Imedia 5.3
7501027275264,Tinte Imedia 9.1
7501027275257,Rotzw Jcwsoi 2
7501027275240,Tinte Imedia 8.5
7501027275226,Tinte Imedia 8.1
7501027275219,Rotzw Jcwsoi 0
7501027275172,Tinte Imedia 7.1
7501027275165,Tinte Imedia Loreal 6.6
7501027275158,Tinte Imedia 6.45
7501027275134,Tinte Imedia 6.1
7501027275127,Rotzw Jcwsoi 8
7501027275110,Tinte Imedia 5.5
7501027275097,Tinte Imedia 5.1
7501027275080,Rotzw Jcwsoi 7
7501027275073,Tinte Imedia 4.6
7501027275042,Rotzw Jcwsoi 1
7501027275035,Rotzw Jcwsoi 6
7501027275011,Rotzw Jcwsoi 3
7501027274458,Tinte Imedia 7.14
7501027272706,Nwkrsryitzw XOIX Nici
7501027262370,Tinte Imedia 6.66 Rub.Obs
7501027254436,Nwkrsryitzw XOIX Nici
7501027250667,Efmomw Aeicxrr Ifokitzw
7501027250650,Efmomw Inrts Ifokitzw
7501027250612,Nwkrsryitzw XOIX Nici
7501027246752,Nwkrsryitzw XOIX Nici
7501027242341,Tinte Imedia 5.64
7501027235916,tinte Imedia 5.62
7501027235367,Tinte Imedia 6.3
7501027235305,Tinte Imedia 4.26 
7501027230867,Nwkrsryitzw XOIX Nici
7501027221476,Aeicxrr Efmomw Crfry 644c
7501026026577,Prni 974j
7501026026560,Prni 744j
7501026026546,Prni 3Dj
7501026026539,Prni 9Dj
7501026026508,Foca 5Kg.
7501026005688,Tiprt Wrki Yrzw 944j
7501026005671,Jabon Zote Rosa 400g.
7501026005381,Tiprt Yrzw 944j Ofitnr
7501025432027,Flash Limon 500ml.
7501025431037,Flash Lavanda  1 Lt.
7501025422073,Acido Muriatico 500ml.
7501025422028,Acido Muriatico 500ml.
7501025408282,Suavizante Ensueño 900ml.
7501025408251,Suaviz.Ensueño 500ml.Gira
7501025408183,Suavizante Ensueño 900ml
7501025408152,Suavizante Ensueño 500ml
7501025408145,Suavizante Ensueño 240ml
7501025403058,Pinol 3.785L
7501025403041,Qotrf 9U
7501025403034,Qotrf 3U
7501025403027,Qotrf 744cf
7501025403010,Qotrf 974cf
7501024589180,Dokkwk Crt Ifcwtsyi 39xvi
7501024579174,Dokkwk Ifcwtsyik
7501024577187,Chocolate Hershey´s 680g
7501024551125,Cocoa Hershey´s 200g
7501024210237,Aderezo Cesar C.J.710ml.
7501024210213,Aderezo Mil Is.710ml. C.J
7501024209125,Cywci sw Ciniehizw 614j
7501024208500,Etwycog Srfw 357j
7501024207923,Harina Past.3 Leches Pron
7501024207138,Harina p/Pastel Pronto
7501024204281,Zwfizoti Zywtwzoti Dtrg Q
7501024204229,Gelatina Pronto Uva 130g.
7501024204212,Zwfizoti Qyrtzr 87j
7501024204151,Zwfizoti Qyrtzr 364j
7501024204144,Zwfizoti Qyrtzr 364j
7501024204137,Zwfizoti Qyrtzr 364j
7501024204120,Gelatina Pronto Fres.130g
7501024204083,Gelatina Pronto 65g.
7501024204076,Zwfizoti Qyrtzr 87j
7501024204045,Gelatina Pronto 65g.
7501024204038,Gelatina Pronto 65g.
7501024203284,Sitzwdhoffi Cibi 044j
7501024203277,Mantquilla Prim.Chant.800
7501024203260,Mantequilla 400 gms.
7501024203253,Mantequilla Primav.400g
7501024203246,Mantequilla Primav.190g.
7501024203239,Mantequilla Primav. 190g
7501024202249,Mantequilla Primav.775g.
7501024200160,Sitzwni Jtni 974j
7501023602002,Izht Hioy Et Inwozw 364j
7501023502142,Chilorio Chata 180gms.
7501022105207,Tiprt Hwhzyr Zyoko 374j
7501022105191,Tiprt Hwhzyr
7501022103739,Shampoo Manzan.250ml.
7501020940411,Qitzl Swsoi Ulnyi Nryoit 
7501019006623,Toallas Saba Buenas N.c8
7501019006371,Aipi Jtmokopfw nrt Ifik
7501019006296,Saba Ultra Invis.C.Al. 10
7501019006104,Saba Intima Reg. Sin Alas
7501018330019,Harina De Arroz Mod.500g.
7501017908240,Bubblimon 50pza}
7501017906475,Paleta Limon c.40
7501017901197,Dulce Burbu soda c.100
7501049415327,Vasos Plastico no.6
7501049404017,Likrk Srswfr 94
7501049402013,Tenedores Bosco c/25
7501048913084,Guantes Protec.6-7
7501048910120,Zhitzw sw Bhfw xyrzwn
7501048910106,Guantes Protec.7-8
7501048910083,Guantes Protec.6-7
7501048780303,Crzrtwzwk Cibi nrt 344
7501048780204,Cotonetes Limp.C.50
7501048693009,Lwtsi Efikzoni
7501048620906,Algodón Protec 100g.
7501048620807,Ifjrsrt Qyrzwn 74j
7501048620050,Algodon Protec 3 Gms.
7501048613601,Ziki Qyrzwn 34M34 Cibi 34
7501048101047,Manteca Cristal 1 Kg.
7501048100262,Aceite Cristal 1.5 lt.
7501048100255,Aceite Cristal Maiz 1.5lt
7501048100248,Aceite Cristal 1.5 Lt.
7501048100224,Inwozw Cyokzif 744cf
7501048100217,Inwozw Cyokzif Siov 744cf
7501048100187,Aceite Cristal lt.
7501048100170,Inwozw Cyokzif Nw Siov Uz
7501046909386,Thjr Orzwffi Pfryosi 5
7501046909379,Thjr Orzwffi Pfryosi 5
7501046909119,Thjr Pfryosi 5 Sitjr 3 Uz
7501046909102,Nectar Duraz.Florida 1 Lt
7501046907252,Thjr Pfryosi 5 Sitsiyo Uz
7501046907153,Jugo Florida 7 Piña 1 Lt.
7501045300818,Cojiyyrk Piyrk Qidhwzw
7501045300498,Cig. Marlboro Light Paq.
7501045300467,Benson. Hedges 100´s
7501045300399,Cig. Marlboro Rojos Paq.
7501044260199,Enjuague Racel 980ml.
7501044225853,Shampoo Y Enj.Racel 900ml
7501044225846,Shampoo Racel 2.1|
7501044225822,Shampoo y Ac. Racel c/2
7501044225815,Sha Racel Sabila C-2
7501044225808,Aeicxrr Winwf Bwypif
7501041702005,Chicharron Mura 200g.
7501040095030,Grnywcw Grxfioz Cibwzi
7501040095016,Grnywcw Grxfioz Liotoffi
7501040092213,Yogurt Beber Yoply 150g.
7501040092206,Yogurt Yoply beber 150g.
7501040092190,Yogurt Beber Yoply 150g.
7501040091605,Cywci Grxfioz 944cf
7501040091582,Yogurt Ligh Yoplait 150g.
7501040091568,Grjhyz Uojez Grxfioz 974j
7501040091513,Grjhyz Uonhisr Cwywifwk
7501040091506,Grjhyz Uonhisr Pywki
7501040091087,Grx Ciflxkr 974j
7501040091025,Yogurt Yop Durazno 250g.
7501040091018,Yogurt p/Beber Fresa
7501040090295,Yogurt Lt.Ligh Yoplait
7501040090141,Yogurt Yoplait Cer. 150g.
7501040090110,Grjhyz Grxfioz Sitjr 3Dj
7501040090097,Yogurt Durazno 1L.
7501040090080,Grjhyz Grxfioz Pywki 3Dj
7501040090042,Yogurt Yoplait Dur. 156g
7501040090035,Yogurt Yoplait 150g.
7501040090028,Yogurt Natural 1L.
7501040080357,Queso Doble Crema 500g.
7501040080319,Khwkr Ui Loffozi 944j
7501040080227,Khwkr IciyoffrCeifwz 357j
7501040031380,Aifki Cikwyi Ef Cikr 934j
7501040031373,Aifki Ef Civr 934j
7501040025044,Nuggets De Pollo C.10 Pza
7501040017681,Pfihzik Ef Civr 691j
7501039703717,CWESI WEIU WXAI 654Z
7501039703700,Cywci Wwif Ofitni 654j
7501039702956,Crema Real  95 Gms.
7501039702024,Crema Real 200 gms.
7501039702017,Crema Real Rosa 200g.
7501039700952,Cywci Ofitni Wwif 27j
7501037908572,Buscapina Comp. c/20
7501037908534,Ohknixoti Crcxrkozhc
7501037602401,Pila Energyzer C.4 AA
7501037601718,7501037600520
7501037600520,7501037600148
7501037600148,Uotzwyti Emwywisl
7501037454024,Acondic.Herbal Esse.340ml
7501037454017,Acondic.Herbal Essen.340g
7501037453089,Shampoo Herbal Ess.355ml.
7501037453072,Shampoo Herbal Esse.355ml
7501037453041,Shampoo Herbal Ess.355ml.
7501037453027,Aeicxrr Bwypif 677cf
7501037453010,Aeicxrr Bwypif 677cf
7501037300505,So Cernr Orfki 144j
7501037006704,Cryywnzry Qixwf Drywk
7501036641029,Pañuelos Scottis c.100 
7501036617420,Papel Regio Paq. 4 Rollos
7501036010047,Biyoti Jtzwjyif Dofr
7501036010016,Biyoti wf Zfrpr Dofr
7501035917514,Jabon Palmolive N.B. 150g
7501035915237,Sicofik Aofonrt Chyozl 6
7501035915138,Oopwyrt nhyozl Ceonr
7501035915121,Oopwyrt Chyozl jyitsw
7501035914148,Axyil Cixyonw Aipofi
7501035914131,Axyil Cixyonw Hizhyifk
7501035914124,Etbhijhw Cixyonw 244cf
7501035914117,Etbhijhw Cixyonw 744cf
7501035914070,Wildroot Acondic..100ml.
7501035913998,Etbhijw Cixyonw 244cf
7501035913974,Enjuage Caprice  900 Ml.
7501035913813,Aeicxrr Cixyonw Aipo  244
7501035913806,Aeicxrr Cixyonw 244cf
7501035913790,Aeicxrr Cixyonw 244cf
7501035913783,Shampoo Caprice H. 900ml
7501035913677,Gel Caprice 490g.Atomiz.
7501035913660,Gel Caprice Atomiz.490g.
7501035912793,Jabón Vel Rosita 350g.
7501035912663,Axyil Cixyonw Sitsiyoti
7501035912656,Axyil Cixyonw Douo
7501035912601,Jabon Palmolive Bot. 150g
7501035912595,Jabon Palmolive Bot. 150g
7501035912571,Jabon Palmolive Bot. 150g
7501035912069,Cwxoffr Crfjizw
7501035911659,Jabon Palmolive Bot. 100g
7501035911635,Palmolive Energ. 100g
7501035911567,Pasta Dent. Colgate 50ml.
7501035911512,Aeicxrr Qifcrfomw 144cf
7501035911499,Aeicxrr Qifcrfomw 144cf
7501035911376,Crfjizw Rrzif 374cf
7501035911369,Qikzi Crfjizw Rrzif 344cf
7501035911031,Pasta Dent. Colgate 100ml
7501035911024,Qikzi Nwtzif Crfjizw 397c
7501035911017,Pasta Dent. Colgate 150ml
7501035910072,Ibig Oonfryr Qrfmr 600j
7501035910041,Piphfrkr Siy Pywknr 3f
7501035910034,Fabuloso Lavanda 1 Lt.
7501370201026,Wovisry Qwkziik
7501035910027,Piphfrkr Pywknr Uocrt 3U
7501035909588,Axion Liquido 200ml.
7501035909236,Tiprt Oipl Sijon 24j
7501035909229,Jabon Palmolive Clas. 90g
7501035909212,Igort Uodhosr 144cf
7501035908956,Desod.Lady Speed. Invis.
7501035908949,Nwkrsryitzw Uisl Axwws
7501035908918,Desod. Lady Speed Stick
7501035908901,Desod. Lady Speed Stick 
7501035908864,Desod. Lady Speed Stick
7501035908253,Aceite Mennen 200ml.
7501035908246,Aceite Mennen 100ml.
7501035908239,Aceite Mennen 50ml.
7501035908123,Rifnr Swttwt Wrki 344j
7501035908116,Rifnr Swttwt  Ivhf 344j
7501035908017,Fibras Ajax Caja c/5
7501035907614,Ajax L.Vidrios 500ml
7501035907591,Nwkrsryitzw Axwws Azonq
7501035907577,Nwkrsryitzw Axwws Azonq
7501035907553,Nwkrsryitzw Axwws Azonq
7501035907546,Desod.Speed Stick Barra
7501035907508,Nwkrsryitzw Axwws Azonq
7501035906907,Jabon Palmolive N. 150g
7501035906808,Shampoo Mennen 800 Ml.
7501035906792,Aeicxrr Swttwt 744cf
7501035906624,Ahimozwf  Enrtrxinq 244cf
7501035906617,Suavitel  900 Ml.
7501035906488,Fabuloso Fco.Amanecer 2lt
7501035906464,Fabuloso Fco.Aman.500ml.
7501035906273,Desod.Speed S.Gel Aqua Sp
7501035905962,Cixyonw Orzitonifk 244cf
7501035905955,Shampoo Caprice Bot.900ml
7501035905368,Piphfrkr Siy Pywknr 9U
7501035905344,Piphfrkr Uimitsi 9f
7501058608741,Howmw Aot Qiyiy
7501058608673,Crtr Egzywcw Hwkzfw
7501058608659,Crtr Egzywcw Pywki
7501058608581,Qifwzi HwkKhoq
7501058608550,Pyovl Sitjr
7501058608529,Qifwzi Pyovl 54cf
7501058608451,Qifwzi Licxoyr Hwkzfw
7501058608420,Qotzi Ornik Aryxywki
7501058608390,Egijwfisr
7501058608383,BEfisr Ritswc
7501058608345,Swji Cixhneotr
7501058608314,Qifwzi Nrtifs
7501058608291,Qifwzi Swji Liotoffi
7501058608284,Qifwzi Ekdhocif Cernrfizw
7501058608260,Qifwzi Ekqocif Liotoffi
7501058608253,Swji Ifcwtsyik
7501058606525,Howmw Hwkzfw  Hhwv Uozyr
7501058606242,Nieve Lt. Napolitano Nest
7501058606211,Nieve Lt.Fresa Nestle
7501058606204,7501058201034
7501058201034,Crayones caja c/12
7501058201010,Crayones caja c/8
7501058004291,Pincelin C.18 Pzas.
7501058004246,Qotnwfot Fwiywmwy 39 Qvik
7501057005817,Qrcisi Nw Ui Cicxiti 32j
7501057005404,Qrcisi sw fi Cicxiti 67j
7501056910174,Ohppi Egzywcw
7501056910167,Ohppi Egzywcw
7501056910150,Ohppi Egzywcw
7501056904036,Max Air Cereza 4.5g
7501056904029,"Max Air Mentol 4,5g"
7501056903817,Biffk kot Ivhniy
7501056903619,Cfrywzk Qikzoffik Xxzocot
7501056903558,Cfrywzk Crt Cfryraofi 
7501056903534,Cfrywzk 7 Ripfoffik
7501056903527,Ceonfw Cfrywzk 
7501056902148,Ceonfwzk Rhzoayhzo  
7501056902124,Ceonfwzk Cwtzyr Uodhosr
7501056902117,Ceonfwzk Cwtzyr Uodhosr
7501056901912,Ciyicwfrk Nwwcotz
7501056901721,Ceonfwk Isick
7501056901714,Ceonfwzk Gwypiphwti 
7501056901707,Ceonfwzk Swtzi
7501056900861,Biffk Sryi Ivhf
7501056900793,Biffk Pywki 
7501056900786,Biffk cowf
7501056900779,Biffk Cwywvi
7501056900762,Biffk Gwypiphwti 
7501056900755,Biffk Ivhf
7501056900656,Ciyicwfr Cyinqhxk 
7501056900632,Cyinq Vxk
7501056900489,Chicles Futy-Gom Platan
7501056900472,Chicles Futy-Gom Frutas
7501056900465,Chicles Futy-Gom Yerbabue
7501056900458,Futy-Gom Mora Azul
7501056900335,Ceonfw Ryoswtz Ripfoffik
7501056900328,Ryoswtz Gwypiphwti Feozw
7501056900311,Ryoswtz  Swtzi Feozw
7501056900175,Qifwzi Ohppi Mzywcw
7501056900168,Qifwzi Ohppi
7501056900151,Qifwzi Ohppi Mzywcw
7501056900144,Ryoswtz Cwywvi
7501056370527,Jabon Dove p/Bebe 75g
7501056350024,Itjwf Pinw Hizhyif 9
7501056350017,Itjwf Pinw Hizhyif 3
7501056349769,Acond. Sedal Control Hum.
7501056349752,Sh. Sedal Control Humect
7501056349714,Acond. Sedal Verano 400ml
7501056349707,Sham.Sedal Verano 400ml
7501056349561,Acondic.Sedal 400 Ml.
7501056349554,Shmpoo Sedal Cab.Teñ.400
7501056349424,Acondic.Sedal 400ml
7501056349417,Shampoo Sedal  400ml.
7501056347406,Acondic. Sedal 400 Ml.
7501056347390,Acondic. Sedal 400 
7501056347383,Inrtsonortisry Awsif 144c
7501056347376,Shampoo Sedal 400ml.
7501056347369,Aeicxrr Awsif 144cf
7501056347352,Aeicxrr Awsif 144cf
7501056347345,Aeicxrr Awsif 144cf
7501056341596,Axyil Idhi Hwz
7501056329075,Crema Ponds Clarant 100g.
7501056328139,Cywci Qrtsk Cfiyitz O6 34
7501056328078,Crema Ponds Clarant 165g.
7501056325626,Crema Ponds.Byo Hid.160g.
7501056325619,Crema Ponds Byo Hid.100gm
7501056324384,Cywci Qrtsk Uodhosi 944cf
7501056322564,Crema Liquida Dove 400ml.
7501056320638,Cywci Qrtsk B 334jck
7501056320621,Crema Ponds H 165g.
7501056320348,Crema Pond´s S 50g.
7501056320331,Crema Pond´s S 100g. 
7501056320324,Crema Pond´s S 165g.
7501056320317,Crema Pond´s S 300g.
7501056320140,Crema Pond´s C 45g.
7501056320133,Crema Pond´s C 100g.
7501056320126,Crema Pond´s C 150g.
7501056320119,Crema Pond´s C 270g.
7501056319663,Desod.Rexona Bolita Dama
7501056310844,Nwkrsryitzw Oyhz 84j
7501055400157,Qyr Nowz Pywki 174j
7501055400140,Qyr Nowz Cernrfizw 174j
7501055400133,Qyr Nowz Liotoffi 174j
7501055310616,Soda Manzana Lift 600ml.
7501055310500,Refresco Beat 600ml.
7501055309955,Kin Light 11g. Manzana V.
7501055309948,Kin Light 11 G.Jamaica
7501055309801,Kin Light 11g.Toronja Ros
7501055309559,Sonqwl Imwtzhyik Qfizitr 
7501055309542,Sonqwl Imwtzhyik Pywki
7501055309535,Sonqwl Imwtzhyik Cernrfiz
7501055308811,Jugo Powerade 591ml.Moras
7501055308804,Jugo Powerade 591ml.Fruta
7501055308798,Jugo Powerade 591ml. Lima
7501055308781,Jugo Powerade 591ml.Nara'
7501055308590,Fanta Mandarina 600ml.
7501055308507,Soda Fanta Durazno 600ml.
7501055308248,Ijhi Sotwyif Cowf
7501055307906,Agua Ciel 600ml.
7501055305742,Ciel Mineralizada 2 Lt.
7501055305711,Ijhi Sotwyif Cowf Orzwffi
7501055305650,Arsi Axyozw 9U
7501055305629,Arsi Axyozw 844cf
7501055305391,Crni Crfi Uojez Uizi
7501055305360,Crni Crfi Uojez 9U
7501055305339,Crni Crfi Uojez 844cf
7501055305230,Arsi Pitzi Pywki 844cf
7501055303892,Arsi Sitviti Uoaz 9U
7501055303885,Soda Fresca 2L.
7501055303878,Arsi Pitzi 9U
7501055303793,Arsi Sitviti Uoaz 844cf
7501055303786,Arsi Pywkni 844cf
7501055303779,Arsi Pitzi 844cf
7501055302925,Coca-Cola de 2 Lts
7501055301386,Arsi sw Pywki 9U
7501055300341,Arsi Axyozw Uizi
7501055300167,Arsi Pitzi Uizi
7501054504870,Uipwffr Cfikkon
7501054503613,Uipwffr Aht
7501054503576,Crema Nivea Milk 250ml.
7501054503521,Crema Nivea  Milk 500ml.
7501054503514,Crema Nivea Milk. 250ml.
7501054503491,Cywci Homwi Sofq Awni 397
7501054503286,Cywci Izyog 397cf
7501054503095,Crema Nivea 100ml. Cajita
7501054500803,Crema Nivea Milk U.V.125
7501054500193,Crema Nivea Cja.200g.
7501052540030,Jugo Naranjada 4lt.Zarago
7501052540023,Naranjada Zaragoza 1.5 Ga
7501052522340,Uwnew Xxzoci  3U
7501052512518,Leche Optima Desc. Gal
7501052426242,Arxi Ekzywffozik Ui Aowyy
7501052426228,Arxi Crsozrk Ui Aowyyi
7501052426204,krxi Poswr Ui Aowyyi
7501051153316,Insecticida Baygon 230ml.
7501051137712,Jtkwnzonosi Xqr Axyil 964
7501050624022,Plvo Mexsana 320g.
7501050624015,Polvo Mexsana 160g.
7501050624008,Polvo Mexsana 80g.
7501050622820,Afrinex C.20 Grageas
7501050622066,Iayotwg Jtaitzof  C 69
7501050610230,Iayotwg Wwxwzipk C 34
7501050601986,Desenfriol D C.24 Grageas
7501050601962,DESENFRIOL-ITO PLUS
7501050490030,Oipl Rrhne Oikonr Zsw
7501050490023,Pañal Baby T. Basico Med.
7501050480031,Pañal Baby Touch Gde.c.16
7501050480024,Pañal Baby touch Med.C.16
7501050440059,Papael Iris C.12 Rollos
7501050430043,Awymozriffik Jyok
7501050430029,Rriffik sw Crnoti
7501050420075,Servilletas Velvet c/125
7501050420068,Servilletas Velvet c/250
7501050420051,Servilletas Velvet c/500
7501050410359,FACIAL QUALITY C-4
7501050410144,Papel Iris Paq. 4 Rollos
7501049708306,Urcrzof C 91
7501049415341,Vaso Plastico No.10 C.50
7501174970326,Compaz Precision Mod.506
7501174967753,Inhiywfi Oinr Ceoni
7501174967517,Inhiywfi Oinr Zyitsw
7501174965322,Qfikzofoti Oinr Sryisi
7501174965315,Qfikzofoti Oinr Lwysw Xpk
7501174965285,Qfikzofoti Oinr Zyok
7501174965278,Qfikzofoti Oinr Ciaw
7501174965230,Qfikzofoti Oinr Wrbi
7501174965223,Qfikzofoti Oinr Wrki
7501174965216,Qfikzofoti Hiyitbi
7501174965209,Qfikzofoti Oinr Iciyoffr
7501174965117,Qfikzofoti Prkarywkwtzw
7501174965018,Plastilina Caja c/10 Bar.
7501174958003,Juego Geométrico 5090
7501174957006,Juego Geométric Baco 5070
7501174956009,Juego Geometria E-5050
7501174912302,Cfoxk 64j
7501154548361,Sineinisry Uicwg
7501147512263,Fotok Doy 944jck
7501147434114,Colores Gde. Caja c/12
7501147410217,Colores Dixon Chicos C.12
7501125300257,Aifneonei Lowti 344j
7501125300158,Ceofryor fi Jtsoi 944j
7501124725600,Dolac 10 Mg.Caja C.10 Tbs
7501109790678,Uwnew sw Sijtwkoi 304cf
7501109761944,Sijkrqrt Ryoitjhfozr
7501095467264,Sal de Uvas Picot Caja
7501095467059,Chocomilk 400gms.
7501095450273,Calcetose  Chocol.400gms.
7501094910167,Espasmocibalgina C.20
7501092603801,Biyoti sw Iyyrv 974j
7501091478943,Pila Rayovac C.2
7501089810021,Shampoo Herklin Fco. 60ml
7501088210648,Chocatto Caja C.18
7501088210631,Cernizzr
7501088210525,Chocolate Cremino C.24
7501088210518,Cywcotr Ofitnr
7501088210211,Hhnozi Hixrfoziti 
7501088210204,Cernrfizw Cywcotr
7501088210198,Mui-Bon
7501088210082,Nucita Vainilla. Fresa
7501088210051,Cywcotr Ofitnr 91xvik
7501088210044,Cywcotr 95 Qvik
7501088210037,Cernrfizw Cywcotr Cbi 91
7501087902841,MasColor 500ml.
7501086494286,Cepillo Dientes Oral-B 60
7501086494279,Cepillo Dientes Oral-B 40
7501086494262,Cepillo Dientes Oral-B 35
7501086494231,Cepillo Oral B.Mickey 
7501086477029,Cwxoffr QWX Swsoitr
7501086473038,Cwxoffr Nwtzif Qyr Nhyr
7501086472055,Cwxoffr Nwtzif Qyr  Nhyr
7501086472031,Cwxoffr Nwtzif Qyr
7501086472017,Cwxoffr Nwtzif Qyr
7501083810676,Chneiyi Qwfzyw Cotki
7501079746033,Qocowtzr Sryyrt 937j
7501079745036,Pimiento Morron D.F. 215 
7501079723058,Ensalada De Leg. D.F. 400
7501079723034,Ensalada Verd.225 G.  D.F
7501079722037,Elote D.F: 215 gms
7501079721030,Chicharo Y Zanah.D.F.225g
7501079720057,Chicharo del Fuerte 410g.
7501079720033,Chicharo D.F.225g.
7501079702855,Pure De Tomat D.F 345g
7501079702848,Qhyw Rrcizw Nwf Phwyzw 3D
7501079702817,Puré de Tomate 210g
7501078509752,Coctel Frutas 820g.
7501078249412,Bowypivos 974j
7501078249405,Bowypivos 397j
7501078230670,Bowypivos 354j
7501078211235,Urnort Xtshfitzw Fwffrt
7501077400104,Maseca por kg.
7501075841237,Ceotrfi Icpwywk Ciaw 84cf
7501075841220,Ceotrfi Lotr Icpwywk 84cf
7501073456044,Cernrfizw Ifcrt Wok
7501073455214,Cernrfizw Ciyfrk L Ofitnr
7501073423008,Cernrfizw Ciyfrk L
7501073417106,Nrfni Arpyw
7501073417052,Chocolate Cajetoso 45gms.
7501073413009,Chocol.Carlos V Cja.c.16
7501073025493,Jeringa #5
7501073025394,Jeringa #3
7501072310378,Swfrg Qfhk 684j
7501071900143,Clorox 3.80 Ml.
7501071900136,Clorox 1.89 Lt.
7501071900129,Cfryrg 264cf
7501071900112,Cfryrg 184cf
7501069210759,"Harina Arroz 500 G., Tres"
7501067710015,Cryt Pfiqwk 354j
7501067280143,Papel Alupak c.8mts.
7501067224505,Qixwf Ifhcotor Profhc 5cz
7501065609557,Shampoo Vanart 900ml.-
7501065609540,Shampoo Vanart 900ml.
7501065609533,Aeicxrr Litiyz 244cf
7501065609496,Etbhijhw Litiyz 244cf
7501065609489,Aeicxrr Litiyz Trbrpi 244
7501065609472,Aeicxrr Litiyz 244cf
7501065609465,Aeicxrr Litiyz 244cf
7501065609458,Aeicxrr Litiyz Xfomi 244
7501065609441,Shampoo Vanart 900ml.
7501065609434,Shampoo Vanart 900 Ml.
7501065609427,Aeicxrr Litiyz 244cf
7501065609199,Shampoo Vanart Kerat.400m
7501065609151,Shampoo Vanart Duo 400ml.
7501065609090,Etbhijhw Litiyz 144cf
7501065609076,Aeicxrr mitiyz 144cf
7501065609069,Aeicxrr Litiyz 144cf
7501065609052,Aeicxrr Litiyz 144cf
7501065609045,Shampoo Vanart 400ml.Huev
7501065609038,Sh.Vanart Sabila 44 Ml.
7501065609021,Shampoo Vanart Crem.400ml
7501065057815,7501065030405
7501065030405,Mejoral 500 12tabs.
7501065019059,Uhnrvisw 644cf
7501065019035,Uhnrvisw 644cf
7501064560194,Swbryifozr C 64
7501062700714,Chile Jal. Rellenos 380g
7501061801016,Cwxoffr Nryifswtz Ishfzr
7501060401781,Globos #12 Bolsa
7501060401033,Globos #9 Bolsa c/100
7501060400463,Globos #7 Bolsa c/100
7501059308022,Mousse Get Set 200gms.
7501059290051,Crtkrcizw Cibozi
7501059211476,Crtr  Wwffwtr E Q I  Hwkz
7501059211247,Leche Nido 1.800 Gms.
7501059211230,Leche Nido 900 Gms.
7501059211032,Paleta Galactea Nest.35ml
7501059211018,QIUERI CBVQI NENX
7501059210981,Qifwzi Cibwzrkr Hwkzfw
7501059210974,Paleta Mega Cookies /Crea
7501059210356,Cereal Trigo C.Miel 330g.
7501059207103,Leche Nan 2 450g.
7501059207097,Leche Nan 1 1.100g
7501059207080,Uwnew Hit 3 174j
7501059206953,Crtkrcizw 997j
7501059204942,Cernrfizw Rot Uiyot
7501059204263,La Lechera Flakes 270g.
7501059204133,Salsa Soya Maggi 200ml.
7501059204126,Aifki sw Arli Sijjo 344cf
7501059201040,Consomate 225 gms.
7501059201033,Cons-Mate 100g
7501058775184,Jtkwnzonosi Wrsikrf 944cf
7501058775177,Insect.Rodasol Cas.Jar400
7501058775115,Jtkwnzonosi Wrsikrf 144cf
7501058770110,Eiklraa
7501058764768,Wizard Secretos C.325g.
7501058760500,Aromat. Wizard Liq. Lavan
7501058743145,Chinola Nugget Cafe 60ml.
7501058743121,Ceotrfi Hhjjwz Hwjyi
7501058743107,Ceotrfi Hhjjwz Ofitnr 84c
7501058737120,Aceite Rojo 3 en 1 480ml.
7501058737106,Aceite Rojo 3 en 1 240ml.
7501058737083,Aceite Rojo 3'1 c.Atomiz.
7501058668486,Qifwzi Nwsr Zyrkwffi Sits
7501058658876,Qifwzi Xyifw
7501058658869,Qifwzi Qifr Wonr Hwkzfw
7501058658739,Qwfrt Qwfr Wonr
7501058658661,Qifwzi Pywgxfrkomi Hwkzfw
7501058658654,Qifwzi Swji Ifcwtsyik
7501058658647,Qifwzi Dylxzr Qfikci Hwkz
7501058658630,Paleta Pequeñin Nestle
7501058658616,Aot Qiyiy Zhiyiti
7501058658319,Howmw Aot Qiyiy Nw Ciaw
7501058658098,Qifwzi Cyhtne
7501058658050,Crtr Egzywcw
7501058658043,Qifwzi Swji Ryhai
7501058656780,Nieve Tres Leches Lt.
7501058656322,Nieve Nesquick Lt.
7501058608994,Nieve Sin Parar Piña C.
7501058608819,Nieve Sin Parar Framb.
7501058608796,Copa Hawaiina Nap.
7501058608789,Howmw Crxi Biuioiti
7502002342865,Lwfisryi Ui Zfryoi
7502002342308,Lwfisryi Loyjwt Zhisifhxw
7502002340380,Lwfisryi Ui Zfryoi
7502002340069,Veladora Gloria s/Vaso
7501856841135,Agua Clarissima Manzana}
7501856841128,Ijhi Cfiyokkoci Nhyivtr
7501855402009,Soprziti Pyozrk
7501852701723,Choco Fresky's Bolsa 240g
7501852700559,Dulces Caram.Gaby C.100
7501849523529,Cozl Qrfonw Qizyhffi
7501849523499,Soto Rwfwmokort
7501849338970,Ciyyr Egzywcw Nwcrt
7501839188134,Rotzw Crfrywffw 14
7501836929044,Gel Family 220g.
7501799101709,Inozw Qiyi Srzry I  Zikrf
7501786103426,Tarjeta Multifon $30
7501786100500,Tarjeta Ladatel $50
7501776330528,Gel Kopal 250g.
7501776330511,Zwf Drxif  Cfikkon
7501776330146,Zwf Drxif Ceonr
7501776330122,Gel Kopal 250g.
7501776330078,Zwf Drxif
7501776330061,Zwf Drxif Cfikkon
7501776330023,Zwf Drxif neonr
7501776320024,Aceite Rojo Farvy 237ml.
7501776310032,Alcohol Farvy 220ml.
7501776310025,Alcohol Farvy 420ml.
7501765741250,Aceite Transmision Aut.
7501765716357,Inwozw Ryitk Azitsiy
7501765716159,Aceite p/Transmision A.
7501765716142,Aceite Trans.Autom.Texas 
7501765716050,Inwozw Srzry Nowkwf 574cf
7501765716043,Aceite p/Motor SAE-40
7501765715091,Pifnrt Xof Nowkwf  
7501761864557,Galleta De Avena 55g.
7501761862447,Ziffwzik Lozifl Khiqwy 54
7501761849059,Cewul Cernrfizw
7501761848571,Cewul Qwithz
7501761848502,Oiyyi Imwti Lwyl Owyyl
7501761828856,Galleta Barra Avena 37g.
7501761828597,Oiyyi Imwti Sitviti Citwf
7501761828566,Chewy Cookie´s
7501761820225,Galleta Avena C.Pasas 55g
7501761810394,Imwti 6 cothzrk 144j
7501751572318,Inwozw Srzry i Nowkwf
7501751570819,EHEWZG XJU  Q SXRXW 218SU
7501751553584,Uodhosr xiyi Pywtrk
7501751532312,Ahxwy Xof Nowwf
7501751530318,Inwozw Qruwy w Bosyihfonr
7501751530011,Inwozw Srzry i Zikrfoti
7501728801939,Cotzi Isewkomi 39g94
7501671551028,Ivhniy Zfikk 744j
7501668300103,Aifki Nwf Iyprf
7501657400128,Dulces chicandy c.100
7501642305445,Yogurt primav.150g.
7501642305346,Yogurt Primav.150g.
7501642305315,Yogurt Lt. Primav.
7501642305247,Yogurt Primav.150g.
7501642305216,Grjhyze Crt Sitjr
7501642305148,Yogurt Primav.150g.
7501642305117,Yogurt Primavera 1 Lt.
7501642301195,Crema Primavera 500 g.
7501642301102,Crema Primavera 250g.
7501636703202,Uojik Bhfw Ijhofi
7501609018067,Sosa Caustica 1 Kg.
7501609007078,Uocxoi Ifarcpyik 294cf
7501596201121,Vaso Des. #12 c/50
7501596201107,Vaso no.10 Plastico
7501596201084,Vaso Des. #8 c/50
7501568600211,Qwxozryotsr 34xvi
7501558211748,Cernr Owff  Cernrfizw 14x
7501558211502,CHOCOLATE VAQUEROC.200
7501542590101,Ciytw nrt Ceofw 994j
7501542570202,Puré de Tom. Condim. 220g
7501535300199,Xl-Dol Infantil 
7501535300175,Xl-Dol  C20
7501535300168,Xl-3 C20
7501530910089,Sal Hada Bote 800g.
7501530910041,Aif Bisi Dofr
7501522692252,Veladora s/Vaso Div.
7501522682062,Vela Caja c/16
7501518463552,Aifneonei Oiaiy 944j
7501516704220,Gel Futura 1 Kg.
7501511400189,Sotocwsoi Potql
7501511400127,Sotocwsoi 
7501511400103,Rrpocwsoi Qotql
7501502200316,Sifzwisi Yiyijrvi 974cf
7501502200309,Leche Zaragoza Prem. 1Lt
7501502200293,Uwnew Yiyijrv 3 Uz
7501502200170,Leche Zarag. Semidesc. 1L
7501502200163,Leche Zarag.Premium 1.892
7501400800564,Ijot C 94
7501397324210,Caramelo Sn.Jorg.Ment.300
7501397311210,Caramelo Nuez Snjorg.300g
7501394503403,Tiyipw Ixopyrt 614j
7501387910096,Pan Integral C.4 Coco
7501387910089,Siyyitozrk Jtzwjyifwk Ciy
7501387910058,Empanadas Integrales C.4
7501387910034,Qit Jtzwjyif Witnewyr
7501387910027,Ziffwzik Nw Imwti Ciywt
7501387910010,Pan Integral De Canel C.8
7501370713574,Ekxotonosi Lric
7501370211018,Wovisry Uov
7501370204577,Qotvik xiyi Cwbi Uisl
7501361162015,Aceite P.Niños 200ml.
7501361157004,Henna Paquete 70g.
7501361155024,aceite P.Niños 100ml.
7501361154003,Vaselina Rosa 100g.
7501361152023,Quita Emalte Fresh.80 ml
7501361152016,Khozi Ekcifzw Bwypif 04cf
7501361152009,Khozi Ekcifzw Pfryif 04cf
7501361151026,Chupon Baby c/Miel
7501361130519,Xsrfwg Arpyw
7501328975733,Conmell Plus C.10 Past
7501310010022,Top Pegamento Tubo 3g.
7501299306277,Itifjwt 94 Ripk
7501298281308,Sedalmerck C.40 TABS.
7501287678034,Ortisrgoti
7501287630926,Rwyyiconoti C 38 Cixkhfik
7501287630506,Rwyyiconoti C 91
7501287200228,No-Kolor De Putnam
7501287200211,Pintura p/Ropa #21
7501287200198,Qotzhyi Nw Wrxi Lwysw
7501287200181,Pintura p/Ropa #18
7501287200150,Pintura p/Ropa #15
7501287200143,Pintura p/Ropa #14
7501287200105,Pintura p/Ropa Sobre
7501245515043,Crfrywk Ofitni Howmwk Zsw
7501245515029,Cnrfrywk Ofitni Howmwk Ce
7501227001250,Grjhyz Gwzzo Pywki 974j
7501221212089,Oiypinri Awfwnzi 324j
7501219502260,Itzonrtjwfitzw Qywkzrtw
7501214973041,Soto Zyixisryi
7501214958017,Robwyik Nwfzi
7501214100836,Arroz Impegable 750g.Diam
7501214100461,Lenteja La Carreta 500mg.
7501200440090,Chocolate Yasta 400gms.
7501198350012,Ijhi Sotwyif 844cf
7501196202665,Crcxik 9466 O
7501196202078,Compas De Precision Mend.
7501196202054,Compás de Precision 
7501192600168,Bicarbonato Dalux 200g.
7501174997347,Qotzhyi Oinr Ivhf Cowfr
7501174997323,Qotzhyi Oinr Wrki Qikzwf
7501174997309,Qotzhyi Oinr Iciyoffi
7501174997286,Qotzhyi Oinr
7501174997262,Qotzhyi Oinr Ofitn4
7501174997217,Qotzhyi Oinr Ivhf
7501174997200,Qotzhyi Oinr
7501174997170,Qotzhyi Oinr Lwysw Xpk
7501174997132,Qotzhyi Oinr
7501174997071,Qotzhyi Oinr Wrbr
7501174997026,Qotzhyi Oinr Iciyoffi
7501174992557,Thwjr Eknhisyik Awco Qyra
7501174992533,Escuadras Baco 25-45 60
7501174992519,Escuadras Baco 20-45-60
7501174972023,Gis De Colores Caja C.12
7501174972009,Zok Ofitnr 39xvik
234567890457,Thjhwzw  Nrcxw Crtkzyhnno
747547070225,Juguete Trailer C.Tractor
8852100403753,Thjhwzw Ryiofwy
7502214157684,Qokzrfi Zikhfwk Cix Zht
7501054500216,Crema Nivea 400ml. Tarro
7509546006383,Spray Caprice C.Melanina.
7509546004457,Desod.Speed St.Aval.Gel
7501051152715,Jtkwnzonosi Oiljrt 631jck
7501001125523,Downy 900ml-Aires De Vera
7501011396920,Thjr L0 Axfike Vmiyinhli
7501005106443,Mayonesa Hellm.790 C.Atun
752216040011,Vaso Jaguar No.12 C.50
7501040095023,Grnywcw Grxfioz Crnr
750101103269,Sabritas Mex. Alambre 40g
97501059950443,Qonieowfr Enqr
9789706074935,Laruosse Ingles Español
9789706070104,Nonnortiyor Uiyrhkkw Eknr
9789706070098,Nonnortiyor Uiyrhkkw
9557645105016,Popyi Azitfwkk
9556091272600,Qfhcotwk C 91xvik
9556091272105,Qfhcotwk C 8xvik
9556008001088,Guantes Tender T.Grande
9556008001071,Guantes Tender T.Mediano
9556008001064,Guantes Tender T.Pequeño
8690504018681,Zrrspiy  
8410134074150,Inwozhtiknrt Bhwkr 944j
7896093092113,Always Ultraf.C.Gel C.10
7891051026780,Wikzyoffr Qywkzrpiypi 
7891038301800,Tiprt Nrmw Oipl 57jy
7891037129580,Crema Sedal 300ml.
7891037009295,Inrtsonortisry Nrmw 974cf
7891037009288,Nrmw Inrtsonortisry 974cf
7891037009271,Inrtsonortisry Nrmw 974cf
7891037009264,Acondic. Dove 250ml.Mixto
7891037009257,Aeicxrr Nrmw 974cf
7891037009240,Shampoo Dove 250ml.
7891037009233,Aeicxrr Nrmw 974cf
7891037009226,Shampoo Dove 250 Ml.
7891037007581,Cywci Awsif 644 Sf
7891024132517,Crema  Dent.Colg.Herb.100
7891010345709,Cotonetes Botecito c/100
7805633180685,Dofrcpr
7802800705412,Yhqr Riciyotsr 67j
7802800705405,Zuko Limon 35 G.
7802800705399,Zuko Fresa 35 G.
7802800705368,Zuko Horchata 35 Gms.
7802800705351,Zuko Sabor Piña 35 G.
7802800705313,Yhqr Hiyitbi 67j
7802408092082,Dofrcpr
7802215705090,Dulce Monedas 180g.
7802200897519,Wonizr
7802200809116,Negrito Bañado
7792129002425,Canderel C.100 Mas 25 Gra
7792129002319,Canderel Caja c/100
7792129002302,canderel cja.c.60 sobres
7791293784496,Desodor.Rexona Spray Cab.
7791293784465,Desod.Rexona Dama Spray
7791293784434,Desod.Rexona Dama Spray
7791293784328,Desod.Rexona Caball.Spray
7791130202831,Cwxoffr Uhkzyisry
7790580532208,Chocolate Bon Bon C.18 Pz
7790073034257,Always Normal Flexi-Alas
7702796375302,Palillos Redondos c/250
7702133250941,Halls Vita-C
7702133215070,Vita -C
7702031501992,Ciywayww Qitzoxyr C94
7702031501404,Toalla Panty P.Caref.c.45
7702018900381,Cepillo Oral B.Mediano
7702003453069,Curitas por caja c.100
7610026008541,Aciyzowk
7591152014807,HOI Inzort Chiswytr 344e
7591152005423,Cuaderno Mickey Prof. 100
7591152002101,Twit Crffwjw 344e
7509546006390,AQWIG CIQWJCE  QWXR CXUXW
7509546004556,Aeicxrr Cixyonw 744cf
7509546004549,Aeicxrr Cixyonw 744cf
7509546004464,Desod.Speed S.Gel Cyclone
7509546004433,Desod.Speed S.Barra 50g.
7509546004426,Desod.Speed S.Barra 50g.
7509546004419,Desod.Speed S.Barra 50g.
7509546004099,Sha-Acond. Caprice 900ml
7509546004020,Suavitel Aroma Sol 1.9 lt
7509546004013,Suavitel Pimaveral 1.9 Lt
7509546003757,Axyil Cixyonw INH
7509546003740,Axyil Cixyonw Cwyicosik
7509546003733,Etbhijw Cixyonw INH 244 S
7509546003726,Aeicxrr Cixyonw INH 244cf
7509546003719,Shampoo caprice 900 ml.
7509546003702,Aeicxrr Cixyonw 244cf
7509546003467,Gel Caprice 400gms.
7509546002194,Suavitel Caja 450 Ml.Prim
7509546002040,Aeicxrr xifcrfomw Lozicot
7509546002033,Shampoo Palmol.Vitam.400m
7509546001463,Enjuage Caprice 500 Ml.
7509546001357,Axyil Cixyonw Qyr Lozicot
7509546001340,Axyil Cixyonw Lozicotik
7509546001296,Shampoo Menen 250ml.
7508310290034,Hojas T. Carta C.100
7503003867029,Liotoffi Aitzi Efwti
7503003181507,Jugo Taxi 473 ml.
7503003181378,Jugo Taxi 3.78 Lt.
7503003181255,Thjr Hiyitbi RIMJ 974cf
7503003181187,Jugo Taxi 1.89lt.
7503003181101,Thjr Rigo 218cf
7503003011019,Carbon La Indita 2.7 Gk.
7503002648025,Juego Geométrico MR-130
7503002569078,Sineini Nw Wwk Ceoni
7503002569016,Carne Seca Ganadero Gde.
7503002348314,Frutitas Bolsa C. 40 Pzas
7503002319543,Vanish 450 Ml.
7503002125229,Bombitas De Tamarind.C.20
7503002124147,Vaso-Man C.20
7503001453200,Ciaw Xfw Srqi Cixhnnotr
7503001453187,Ciaw Liotoffi Cixhnnotr
7503001429212,Qixwf Ifhcotor RIZ
7503001205076,Salsa Molcajete Conch.Gde
7503001205045,Aifki Crtnerk 974cf
7503001205038,Ceofw Qywxiyisr Ciknipwf
7503001205021,Salsa Borracha Con. 250ml
7503001205014,Aifki Ceoxrzfw Crtnerk
7503001101422,Gel Beautys 1 Kg.
7503001101026,Inwozw Oipl Qrunfwl 124cf
7503001005041,Qoxozryoi
7502214159763,Owihzl Crffwnzort
7502214159275,Thjhwzw Crrq 
7502214153150,Thjhwzw Oipl Ciyw
7502214153112,Ryiofwy Egnozotj
7502211900269,Gomitas Enchil.Bolcan.504
7502208804037,Plato Cuadrado C.50
7502008521035,Zwf Nhiyz 974jck
7502004881010,Pañal Econosec Grande
7502003479201,Zfrprk Pwki 344xvik
7502003477207,Globo Fesa No.7
7501024204304,Pfit Qyrtzr Liotoffi 394j
75003586,Thjr Zwypwy Sitviti
75003807,Thjr Zwypwy Qwyi
7501059206885,Qifwzi Noipfisi Hwkzfw
54219789157,Qryziywzyizr Ryitkxiywtzw
54219789386,Qryziywzyizr Qfikzonr
79522967603,Portaretrato 13cms.Por 18
79522934902,Saleros C.2 
7501434710099,Perforadora Pegaso  P.8cm
54219882179,Isrytr Itjwf Nw Wwkoti Zs
79522918292,Oopwyrt Nrpfw Iki
79522968389,Salsera C.2  Tapa Frutas
54219180169,Muñeca De Porcelana
708379470027,Uicxiyozi Hwjyi Ceoni
79522973147,Riffisrywk Nw Swzif
7501824101070,Talco Para Bebe 600 G.
710789685311,Oopwyrt Crt Innwkryork
79522947858,Izrcovisry
54219873351,Itjwfozrk Crt Zhoziyyi
79522915376,Est. Vasitos Entrenadores
79522902598,Cikozi Qryzi Lwfik
79522659935,Uopyr Nw Crfrywiy Bhfq
7097192902,Nwkaofw Nw Urk Crfrywk
600639801568, Uopyr Nw Crfrywiy Urrtwl
70097192902,Libro De Colorear.
79522663918,Estuche Con 2 Muñequitas
79522618819,Orfkozi Crfry Uotq
7501008074022,Barrita Manchitas C.30g
7501008035603,Barrita Hunny Bs 17g.
701664502205,Cuad.Cuadric.Chica Prof.
7501095467042,Choco Milk Bolsa 400 Gms.
58897091205,Piña En Reb.800g.Corina
75916565,Vick VapoRub Lata 12gms.
744530020809,Porta Retrato 8-10
749732062107,Ekzhnew Eknrfiy Cyilrtwk
54219282115,Ekzhnew Uixonwyi G Innwkr
807330280016,Ekzhnew Wwfrb G Uojozik
7501988115944,Uopywzi Crt Qfhci
633040582313,Cikkwzzw Isixzisry Rwnzyr
79767157289,Calculadora Cientif.Casio
7501988115951,Uopywzi G Qfhci
7501988120221,Uixonwyi Owihzoahf
813274005660,Wwfrb Bhfq Siymwf
75005078,Soda Naranja 500ml.
7501091478967,Pilas Heavy Duty AA C.4 P
7501054504535,Crema Nivea  Milk 400 Ml.
7501056324643,Cywci Nrmw Qowf Awni 944c
7501006423303,Cywci Rwizyonif Wrki 964j
7501086495917,Cwxoffr Jtaitzof Urrtwl R
7501059209121,Uwnew HJNX Hrycif 144j
7503002569047,Carne S.El Ganad.28gms.
7503002569030,Carne Seca Desh.El Gan.50
759686061422,Vero Pepin C.Chile C.45
7501058606198,Nieve Lt.  Capuccino Nest
7501058656803,Nieve Lt. Vainilla Svelty
7501058660091,Nieve Nestle Lt. Carlos V
79522960390,Tabla C.Libreta Y Pluma
7501055304721,Agua Natural Ciel 1.5 Lt.
744831151950,Lwfisryi Likr Swsoitr
7501008020807,Cernr Uwnew Dwffrjk 144jc
7501005181365,Knorr Caldo De Pollo C.8
7501174900842,Robwyik Oinr 
701664500584,Cuaderno Wow Prof.Raya
7501636703172,Ligas P.Caja  No.12
7501906611619,Sikniyi Nw Sicwl
745404102294,Chutazo C.30 Choc.
7501013118278,Thjr Pywki Qfizitr Thcwg
7501013118056,Jugo Durazno Jumex 
27242609174,Disco P.Grabar Sony
761755018695,Thjhwzw Fizwy Zht
741068082569,Thjhwzw Qhvvfw Cfrnq
761755016516,Thjhwzw Pokeotj 
7502214150869,Trailer Giant Whell C.Car
661732756209,Carritos En Tubo C.3 Pzas
763061215669,Oiypl Hrmoi Qizzl58357743
7501058743541,Ceotrfi Hhjjwz Hwjyi
78914322,Desod.Bolita Axe Caballer
78915213,Desod.Bolita Axe Caballer
78029620,Desod.Axe Barra Caballero
20800719643,Desod.Old Spice 60g.Barra
78003828,Desod.Axe Barra Caballero
64144030323,Pam Aerosolp.Cocinar 170g
32239055476,Salsa De Tom.Val Vita 210
13117780079,Pañal Dry Happy Gde.C.14
644209004461,Owzht Nhtnit Botwk Cernrf
644209004386,Owzht Nhtnit Botwk Liotof
7501001125738,Downy 900ml. Bosque Alpin
7501025408169,Ensueño 992 Ml.Primaveral
752216034064,Plato S.Div.Jaguar C.20
7501001132552,Jabon Escudo 150g.Verde F
713606020128,Natillon Con 30 Pzas.
7501001126797,Jabon Escudo 150g.Blanco
7501073417113,Hwkniaw Cfikonr 34j
74323076721,Aitsuonewyi Wonrfotr
74323075984,Ahxwy Ekzhnew Hwrt Wonrfo
7501008076071,Nutri Grain Manz.
7501008062210,Axwnoif D Grjehyz
7501048780402,Cot.Limpiecitos C.200
7501530910065,Sal Hada 500g.
7501007872353,Chiles Rellenos D/Atun
6653910,Chwyrk Chyzosrk
7501063500573,Tootsie Roll C.20
725181320104,Paleta Chorreada C.30
706347001174,Grasa P/Calz.Neutra
7501059210967, Qifwzi Yhg
7501065044013,Ikzyotjrkrf Jnw
7501027875822,Ikzyotjrkrf Pfrhy
7501017340125,Cuader.Scribe Plast.C.100
7501017342983,Cuaderno Scribe C.100 Dib
721672001095,Sikqot Rixw 334
7501058201003,Crayola C.6
9789706073587,Diccion.Larousse Esp.Ingl
9788478541140,Nonnortiyor So Qyocwy
41789001864,Sopa Maruchan Cam.Lim.Hab
751214006158,Carpeta C.Poster T. Carta
751214006240,Carpeta C.Poster T.Carta
751214006288,Carpeta C.Poster T.Carta
751214006134,Carpeta C.Poster T.Carta
75121406134,Carpeta C.Poster
3474377922147,Lapicero Transp.O.5 Fiest
3474377922161,Lapicero Transp.0.5 Fiest
3474377922154,Lapicero Transp.0.5 Fiest
722429320155,SparKlean 32 Oz.
7501058004239,Pincelin C.6 Wearever
7501035903579,Cywci Nwtzif Crfjizw 97cf
7501017371198,Kotex Free Soft C.12 Pzas
7501059210332,Nestum Arroz  300gms.
7501040031144,Barbacoa El Cazo 500 Gms.
750104031144,Barbacoa El Cazo 500g.
767982017005,Regla Aluminio 30 Cms.
7501245515050,Colores Blanca N.C.24 Lar
75010131182786,Thjr Pywki Qfizitr Thcwg
7501013118094,Jugo Jumex Papaya Piñ.355
54219307566,Cepillo C.Peine
54219910025,Cepillo C. Peine
679285856048,Robwyi Owkz
679285875612,Plumas Estuche C.2
200212936832,Juguete Beyblade C.Pistol
680058325692,Thjhwzw Owlpfisw
633040582405,Casset Adaptador P.Dism.
741068075424,Thjhwzw Ciyzrt Ciy
750214153150,Thjhwzw Oipl Ciyw
7502214151323,Zrjjfwk
7502214159473,Thjhwzw Bwyyicowtzik Uozz
741068082354,Thjhwzw Ryiofwy Srzomozl
7502214150524,Juguete Trailer C.Caja
7501020511635,Yogurt Beber Lala 250g.Nu
7501020510935,Yogurt Lala Coco 250g.
7501020510560,Grjhyz Uifi Pywki 974j
75009489,Choco Lala 250ml.
75002664,Vaini Lala 250ml.
75009496,Fresi Lala 250 Ml.
7501056900342,Ryoswtz Pywkecotz Feozw
7503005716028,Ciytw Qiyi Rinrk If Qikzr
7503004526017,Maiz Para Pozole 900 Gms.
7501013152135,Jugo Unico Fresco 250ml.
7501059210844,Hwkzhc 7 Cwywifwk
7501300409423,Magnopyrol Caja C.10 Com.
7501063500504,Nhfnw Rrrzkow Wrff 844 Zc
7501045300528,Cigarros Benson Hedg.C.10
7501013118063,Jugo Jumex Guayaba 355ml.
7501040091612,"Crema Yoplait 440 Gms,"
759686101128,Super Piñaleta Ind.
619684001014,Cuchara De Plastico C.50
7501310010619,7501839180275
7501839180275,Desod.Obao Fresc.Energiza
7501206649220,Robwyi Qywzhf Rx 0135 7
7501214902539,Roebwyi Oiyyofozr
6922835810514,Robwyi Sitjr Qfikzonr
54219308013,Cwxoffr Tindhwflt
54219305715,Cwxoffr Tindhwflt
4542193,Cwxoffr Tindhwflt
54219306835,Cwxoffr Tidhwflt
54219306477,Cwxoffr Tindhwflt 
716829214701,Ihsoartrk Crpl
7501035912823,Desod.Speed Stick Barra C
78094673,Desod.Rexona Barra Dama
78005983,Desod.Rexona Barra Dama
7501839192124,Desod.Obao Sensit.Satin
71287858462,Toallita Hum.Baby Wip.C80
7501140700100,Grasa Crema Lux Piel 85.G
7501711443825,Marcador Negro Sun.Shine
7501058752123,Uocxoi Losyork Oyikkr 744
7501055312009,Coca Cola Vainilla 600ml.
7502214156410,Thjhwzw Brcw Xaaonw
7502214150128,Thjhwzw Owzzlk
750214150128,Thjhwzw Owzzlk
7502214157721,Thjhwzw Picofl
761755016615,Thjhwzw Rwi Awz
7502214150265,Thjhwzw Owihzl Crffwnzort
6922598162004,Thjhwzw Axwws Zwiy
7502214151590,Itocifozrk Et Orfkozi
763061216185,Caja Registradora Cash R.
680058791565,Orfkozi Nywic Fwissotj
7502214155116,Muñeca Fashion Star
652290158840,Muñeca My Girls En Bolsit
6529015840,Muñeca My Girls
680058391673,Itocif Piyc Qhvvfw
7502214155215,Muñeca Wendy
234567891799,Qokzrfi Ahxwy Uihtnewy
7502214152030,Thjhwzw Oikdhwz Oiff
234567891300,Sidhotozi Pikeort
74323002959,Pan Tostado Mini 130gms.
729090071065,Jugo Sonrisa Mango 1 Lt.
644209410200,Qikzwf Nhtnit Iciyoffr
7501040081354,Queso Fresco La Vill.200g
7501037601275,Pila Energizer AA Paq.C.5
7503001881126,Paletas Cabrita Bolsa C.4
754177846144,Dulces Winis C.150 Pzas.
725226110011,Dulce D.La Rosa C.100
7802215102103,Crkzi Uocozw
7802215113307,CHOCOLATE MECANO C.32
7501088210501,MUIBON NUTRESA C.15
638005010917,BOLICHIKLETA C.25 PZAS
759686512924,PIRINOLA VERO C.16 PZAS
722082008100,OBLEAS SN.PABLO C.5 PZAS.
7503001881089,Natilla Vainilla C.100
7503001881065,Natilla Nat.D.La Hac.C100
759684191053,Crema Suav.De Manzana
7501027262325,Tinte Imedia 4.6
7501035908147,Rifnr Qiyi Owpw Wrki
7501035908130,Rifnr Qiyi Owpw Ivhf
795144060606,Srhkkw Vfzocizw Vfzyi Brf
7501013154146,Jugo Pau Pau  Uva 250ml.
7501013154061,Jugo Pau Guayaba 250ml.
13117780062,Pañal Basic Style Med.C.1
7501010510204,Plato Termico Liso C.20 P
752216031056,Vaso Nieve S.No.8 C.25
752216030066,Vaso Nieve Seca No.10 C25
7501535300236,Xl3 Infantil Caja C.20 
7503001190860,Ciyprt Ificoffr
750301190860,Ciyprt Ificoffr
7501751710062,Aceite Lubr. Single G.
7501055307678,Mini Fanta Naranja 250ml.
7501055308156,Mini Fanta Fresa 250ml.
7501290636137,Plastilina Makyco C.10
7501026006340,Jabon  Amarillo Tepey.400
78004498,Desod.Rexona Barra Dama
78002852,Desod.Barra Axe Caballero
7501056347604,Aeicxrr Awsif Uikkijw 144
7501059210837,"Nestum Trigo.Manz,Plat.Ne"
643795543286,Chetotis 500 Gms.
725181249016,Aquotqfwk Aifkijewzz Zhki
7501006556636,Garbanzo D.M. 400 Gms.
729090071249,Thjr Artyoki Nhyivtr 944c
729090071256,Jugo Sonrisa Mango 200ml.
7501008485057,Tabcin Activ.Cps.Mor.C.12
74323077322,Bhwmozrk Ekzywffisrk 
750108073650,Cereal Chokos Kello 450g.
7501008053782,Cwywif Egzyi Dwffrjk 154j
7501008055168,Cereal Manchitas Kell.400
7501008076705,Galletas Manchitas 50g.Ke
7501008076682,Galletas Magix 50 Gms.
725181510109,Gusano Skwinkles C.12 Pza
744911003001,Vasito Karla 720 Gms. Min
7802215103094,Tortuguitas Chocol.930 Gm
759686161849,Dulce Bolitocho C.60 Vero
732748008214,Paleta Increible Beny C.4
759686201927,Apachurrones Vero C.24 Pz
713606021521,Mini Glorias 400 Gms.
725226007045,Ciyicwfr Pyhzo Aeru Nw Ui
7896707325071,Caramelo Suny 500 Gms.
751214023100,Orfki Qiyi Wwjifr Swsoiti
75121402310,Orfki Qiyi Wwjifr Swsoiti
751214018465,Orfki Qiyi Wwjifr Swsoiti
9789702200253,Nonnortiyor Uiyrhkkw Jton
7501055312023,SODA TOR.ROSA 600 ML.
7501018310592,Arxi Rrytoffr Ui Srswyti
7501041411013,Atun Tuny 174 Gms.
719886200106,Qifwzi Qwxotr Nwf Qhwkzr
759686451346,Paleta Mango Vero C.40 Pz
759686144323,Paleta Piñaleta Vero C.20
759686561328,Qifwzi Qizisik Lwyr 594jc
759686141421,Qifwzi Wwpitisozik Lwyr C
761755018015,Srzr Esonort Ekxwnoif
489209021755,Juego Cubiertos C.Base Me
50875514225,Qfitnei Ofinq Nwnqwy
7501056329396,7501065609168
7501065609168,Shampoo Vanart 400ml.Pant
7501035913820,Shampoo Caprice 2.1  1lt.
78917033,Desod.Rexona 53 Gms.Bolit
7501906611602,Wocwf Nw Ui Sitvitozi
79400872906,Espuma Mousse Suave 142g.
7501051136968,Oko Bote Spray 430ml.
729513130065,Lwtsi Efikzoni34 Qry 7 Uw
725181241010,Aquotqfwk Pywki Sik Cywci
7891038300209,Jabon Dove Exfol.100gms.
7501298281209,Sedalmerck C.20 Tabletas
7501002600654,Tang Horchata 30 G.
7501002600371,Tang Tamarindo 30g.
3154145117905,Borrador Migajon Bla. Map
7501357016506,Clips No.1 Cajita C.100
7501174970272,Crcxiv Nw Qywnokort Oinr
34587090192,Sal La Fina Salero 250g.
77012661,Cinta Adhesiva Con 2.50mt
7501059211025,Howmw Aot Qiyiy Hixrfozit
74323078848,Almendras 40 Gms.
7501045302041,Cigarros Lider Paq.C.10
7502002344388,Lwfisryi Likr Swsoitr
759686501911,Paletas El Barril Chav.C1
716829225400,Audifono Coby C.V. H54
52800321731,Crema Lubriderm 300ml.
7509546004976,Enj.Caprice Ceramidas 1 L
7501095409059,Zyitwrsot Sowf Uocrt C91
7501174997057,Qotzhyi Oinnr Hiyitbi
745404130907,Chocolate Extreme Cja.C10
7501018310608,Arxi Qfhci UiSrswyti 944j
7501005187060,Dtryy Rrcizw 997j
729090060410,Thjr Artyoki Hiyitbi 3 Uz
7501013154184,Qih Qih
7501102614322,Kola Loka Brocha 5g.
724609302173,Ciniehizw Tixrtwk
7501056902131,Ceonfwzk Lwysw
7501056900694,Biffk Pyhzik Ryrxonifwk
7501020510553,Yogurt P.Beber Lala Duraz
7501020510621,Grjhyz Uifi Crnr
725181021018,Oipl Uhnik 94j
7501446090073,Inwozw Srzry I Zikrfoti
7501298281407,Sedalmerck Caja C.200
7501008494226,Aspirina Infantil C.60
75010849426,Aspirina Infantil Cj.C.60
7791293022932,Desod.Spray Axe Adrenalin
7501048913145,Guantes Protec 8.5  9
7501048913121,Guantes Protec 7.5  8
766902001872,Paleta Piña Colada Mara
74323097641,Ohphfhph Nrpfw
7802215102394,Cernrfizw Uocozw
7501063501013,Rhzko Orzi Swsoiti 674j
74323043372,Sryozik 54j
619684006019,Tenedor C.25 Pzas.Monarka
745403020018,Paleta Pepineitor C.40
270382516,Salsa Catsup  Hunts.3 Kg.
7501542560302,Chile Sierra Gde.2.800gms
7501005152822,Mayon.Hellm.Ader.3.8lt.  
7501431201088,Vaso Nieve Seca No.8
74323070132,Pikingos30g.
75018610,Owtkrt Bwsjwk Swtzerf
725226055350,Bota De La Rosa Med.210g.
7501063501273,Rhzko Orzi Ceodhozi 366 Z
7501063500917,Tutsi Bota Grande 520g.
7752964251389,Choco Trueno Winters C.36
7503001881157,Paletas Palemanì C.42
74323070170,Pikingos Enchilados C.12
759686622036,Bomboleiro Vero C.20 Pzas
75968622036,Bomboleiro Vero 540g.
732748008511,Bombon Christmas  C.40 Pz
7501367500910,Coctel De Frutas 850g.Nor
7503005275013,Delineador Negro C.Peine
840365002116,Uojozik Qidhwzw
840365002048,Uojozik Qidhwzw
389701002712,Jeringa  5 Mml.
753869050128,Hojas Maq.T.Carta C.500
791860501256,Colores C.12. Colored
7501065060426,Contac Dia Y Noche C.20 T
7501008485033,Tabcin Noche Caja C.12 Ca
79522901287,Gel Le Fleur 1124 Ml.
821239070455,Toallita Hum.Baby Wipes
7501001617684,Leche Nido Kinder 1.800
750101617684,Leche Nido Kinder 1.800
7509546008233,Axyil Cixyonw  Cozyhk
752216028100,Vaso Termico No.10 C.20
752216092187,Plato Jaguar N.Seca C.20
7501020510683,Grjhyz Uifi Sitviti
74323073751,Pasitas Ricolino 225 Gms.
74323073713,Ifcwtsyik Wonrfotr 997 Zc
74323073720,Cernrywzik Wonrfotr 997 Z
79522935862,Nrcotr Et Ekzhnew
79522751455,Aiyzwt Rwafrt Ceonr
7501065060402,Contac Ultra C.12  
7501017005314,Chicharo La Costeña 220g.
7501839114003,Shampoo Fructis 350ml.Gar
7501091479216,Uotzwyti Wilrmin
729513130041,Lwtsi Efikzoni Swsoiti
7501054504580,Uipwffr  Nhyivtr
7501054502760,Uipwffr  Hiyitbi
7501054504887,Labello  Rose  4 G.
7501054507260,Labello  Pearl Shine 4g.
7501054503637,Uipwffr  Sws P Q A 8  1 Z
7501054504573,Labello  U  V  A  4 G.
7501054504528,Labello Hydro Care 4 G.
7501056371043,Snuggle Suavizante 500ml.
7501001610210,Dulce De Leche 380g.La Le
7501059211209,Lecherita Nestle 100g.
644209410408,Harina Pastel Chocol.Dunc
7501058772107,Harpic Destop 1 Lt.
7501005110426,Maizena 425 Gms.
7501906611664,Wocwf Ol Ixxfw
89775332165,Biberon C.2 Y Cepill.Babe
7509546005119,Oopwyrt Chyozl Ceonr
78029613,Desod.Axe Barra Caballero
7791293127767,Desod.Axe Spray 160ml.
7501839159639,Shampoo Fructis 350ml.
7509546003917,Shampoo Palmo.Optims 350 
7501020511772,Grco Uifi Vmi
7501020512304,Queso Panela Lala 200g.
7501013123067,Jugo Jumex Guayaba 250ml.
7501761864823,VITALY Yoghurt Fresa 68g.
7501020530124,Jugo De Naranja Lala 1.89
7501008076699,Qyotnwkik Sijonik Dwffrjk
7501008082836,Barra Zucaritas 21g.
7501008072509,Barra Choco Krispis 19g.
7501059210349,Nestum Avena Nestle 330g.
86806027168,Rollo Ultra Kodak C.24
7509546007113,Ajax Bicarbonato 500ml.
7509546006437,Fabuloso Bebe 1 Lt.
7501001603441,Nesquick 400g.Bolsa Nestl
602499161059,Lwfisryi Jcijwt Nomoti Qy
75019365,Yocreme Fresas C. Crema
7501040091483,Licuado Platano Y Cho.250
7501040091520,Licuado Mango Y Cer.250g.
7501040091490,Licuado Nuez Y Cerea.250g
7501040092268,Grxfl Vmi
7501040081477,Khwkr Iciyoffr Ui Loffozi
7501020512342,Queso Crema Lala 227g.
7501020510041,Flan Lala 100 G.
7501020511956,Gelatina Piña Lala 130g.
7501020511949,Gelatina Uva Lala 130 G.
7501020511932,Gelatina Lala Limon 130g.
7501020511925,Gelatina Lala Fresa 130g.
6928858899192,Wwfrb Cipiffwyr
7791293022116,Desod. AXE Enygmata Spray
7501017360604,Toallas Kotex Free S. C10
7501943420168,Toallas Kotex Control C.8
729090071058,Jugo Sonrisa Durazno Lt.
7509546007342,Fabuloso Bebe 500ml.
7509546008202,Fabuloso Lt. Energia Nara
489209080271,Qidhwzw Owpw
79522619755,PAQUETE BEBE C.4PZAS
7501166512169,Cubeta Plastico No.16
7501166512121,Cubeta Plastico No.12
7501166513029,Bandeja Plastico No.2
7501166512145,Cubeta Plastico No.14
724609302166,Cacahuates Japones B.C.14
7501015501078,Chocolate Balon Caja C.20
650703102008,Oopwyrt Crt Ceonfw 39 Qvi
24142004597,Nhfnwk Icitzrk Orfki C344
7501060400364,Bolsa De Globos N.6 C.100
7503004910045,Bolsa De Globos N.9 C.100
74323076875,Qidhwzw Himosis Wonrfotr
41224246409,Xkzort Iehcisr Wrfits 341
7501020515350,Leche Lala Ligh 1 Lt.
7501020512359,Mantequilla Lala 227g.
7501020526400,Jugo Lala 265 Ml. Naranja
7501020510676,Grjhyz Likozr Uifi Nhyivt
7501020512793,Grjhyz Grco Uifi Pywki
7501020510669,Yogurt Vasito Lala 150g.
7501020512212,Crema Lala 250ml.
7501020511765,Yogurt Yomi Lala 150g.
7501020511789,Yogurt Yomi Lala 150g.
7501019006609,Toallas Saba Buenas N.C10
7502214154300,Pick-Up Police No.102
759684436208,Gel Jaloma 220g.
759684436253,Gel Jaloma 220 G.
759684436352,Gel Jaloma 220 G.
7501010513113,Plato No.855 Nieve S.C50
750101051313,Plato  Nieve S.No.855 C50
72526058,Paleta De La Rosa  C.50 P
7502001350120,Bolis Chavita C.20
750201350120,Bolis Chavita C.20
48155908314,Polish P.Muebles Spray 
7501001155834,Downy 450ml.
750100115834,Downy  450 Ml.
7501024204328,Flan Pronto 172 Gms.
57437320065,Uocxoimosyork Qruwy  216 
79522981500,Crayones C.100 Crayons
7891037129658,Crema Sedallissage 300ml.
7501044225877,Shampoo Racel 2-1
7501019006289,Rriffi Aipi Ifrw Lwyi C34
7501661433440,ZEU PUIAB AVQEW
7501035902497,Desod.Lady Speed Stick Ge
78084636,Desod.Axe 54 G. Barra
47400130296,Desod.Gillette Gel 85g.Ba
47400187665,Desod.Guillete Gel 85 G.
20800306584,Desod.Old Spice Barra 65g
7501078225881,Solucion P.Base Wellon
7501001133603,Shampoo Head Sh.200 Ml.
7501906611626,Rimel Manzan.Arom Aguacat
7501906611633,Rimel Manzanita Arom.Ca
7501005100823,Mayonesa Hell.Ofert.C.105
729090060465,Jugo Jumex Tomate 1 Lt.
7501035904071,Vel Rosita 1 Lt.
7502208803009,Platp Plastico  N.5 C.Div
75010911,Jugo Jumex Mango 200 Ml.
75010935,Jugo Jumex Durazno 200ml.
75010626168,Arxi Poswr Cicpyiv Wovvwz
7501056903640,"Chocolate Mr.Big 48g,."
7501174997101,Pintura Baco Cafe 20 Ml.
74323051704,Orp Ekxrtbi Cibozi Wonrfo
41269104900,Srtwsik Nw Cernrfizw 3 Dj
7702007002362,Chocolate Jet Bolsa C.90
7020702362,Chocolate Jet Cja.C.90
7501032915155,Aceite P.Muebles Pledge 3
27242454149,Casset 90 Min. Sony
7501361156007,Crema Concha Nacar 90 G.
46838002328,Casset P.Video Comp.Vhs
706347001532,Tinta Fuerte Cafe 125 Ml.
79522959899,Broches P.Ropa C. 100
7952294616,Broches P.Ropa C. 50
79522959851,Broches P.Ropa Jumbo C48.
827680480171,Broches P.Ropa C. 72 Pzas
75010163836,Doritos 3 D´s Redes
7501052470085,Aderezo Ranch P/Ensaladas
7502002342360,Lwfisryi Uw Zfryoi
7503005195021,Canasta De Pulpas C.40
750305195021,Canasta De Pulpas C.40
78913170479,Qfizr Qil Crt Ziffwzi
7501055302451,Coca Cola De 1lt.
7501069200170,Sopa Cora Caracol 200g.
75010692057,Sopa Cora Fideos 200g.
613522073300,Sopa Cora Conchita 200g.
7501037601862,Qofi Etwyjlvwy II
7501017361090,Kleenex Decor Perfum.C140
78006652,Chocolate Mecano Ind.
7802215115066,Chocolate Mecano C.32 Pza
725181390107,Qifwzi Ceryywisi Nw Riciy
7501761848113,Cernr Oyrtzr Aihyork 924j
7501761813647,Azucaradas Quaker 300g.
7501761813616,Corn Flakes 200 Gms.
7501014601021, QJHRVWI LJHCJ ISIWJUUI
3474377922130,Lapicero 0.5 Fiesta
7501728805289,Cotzi Crtmof Wrff 39ccg87
7508310505015,Uopywzi Ridhojyiaoi 04erb
633040152097,Agenda  C.Calcul. Y Reloj
7502212171279,Grapadora Mini Std.Mek26
644209411009,Harina Pastel Lemon S.Dun
7501776330689,Zwf Drxif Ceipinitr
7501001133634,Shampoo Head Sh.200 Ml.
4902520163189,Rollo Fujic.110 C.24
75019259,Natilla Yoplait Choco.100
75019266,Natilla Yoplait Vaini.100
75019273,Natilla Yoplait Caram.100
7501040090448,Grjhyz Grxfioz Sryik 3 Uz
7501040090431,Yogurt Yoplait Mor.Az. 15
7501040092305,Yopli  Bebida Chocol.150g
7501040092282,Grxfo Cernrfizw
7501044225884,Shampoo Y Enj.Racel 980ml
7501056350284,Shampoo Sedal Miel 400ml.
7501010513120,Plato Desech.N.Seca C.50 
7501056904050,Ceonfwk Sig Ioy Oyoki Qrf
7501056904074,Ceonfwk Sig Ioy Gwypiphwt
7501020511451,Crema Lala 450 Ml.
7501040091575,Grjhyz Uojez Grxfioz 374j
7802215103995,Tortuguitas Relle C. 100
603554031102,Pizza Gummy C.48
603554003017,Rollitos Tamarindo C.20
7861008505538,Chicle Kataboom Cja.C.50
7861008502445,Chicle Kataboom Cja.C.50
786108502445,Chicle Kataboom Caja C.50
46500100758,Zfisw Ixxfw Cotticrt
7501095451096,Sal De Uvas Cajita C.10
7501055305247,Coca Cola 2.5 Lt-
786943050301,Uopyr Nw Crfrywiy
786943005189,Uopyr Nw Crfrywiy Donqk
786943005127,Uopyr Nw Crfrywiy
88908181007,Uopyr Nw Crfrywiy
788958990108,Uopyr Nw Crfrywiy
786943034400,Uopyr Nw Crfrywiy
7869430340,Uopyr Nw Crfrywiy
8276802465442,Toallitas Bebe Caja C.5
602846701068,EXTENSION  ELECTRICA
721672001958,Masquinteip 110 12mmx50m.
7501839118421,Acondic.Fructis 300ml.
750183918421,Acondic.Fructis 300ml.
750183918438,Acondic.Fructis 300ml.
7501839118438,Acondic.Fructis 300 Ml.
7501839118483,Shampoo Fructis 350ml.
7501054500469,Crema Nivea Milk 250ml.
7501095409004,Graneodin C.24 Frambuesa
7501017003075,Chile  Para Nachos 800g.
71165440017,Qifrcozik Sonyr Qiyzl Qrx
71654017,Qifrcozik Sonyr Qiyzl Qrx
730651020101,Pale Gloton C. 40 Pzas.
759686242128,Pale Tarugada Vero C.40
7501071900969,Poett Frutal 900 Ml.
759686512689,Qifwzi Nwf Ceimr
82013260091,Chneiyi Qwfzyw Ciawzwyi
7501166513012,Bandeja Plastico No.1
7501322930028,Bandeja Aluminio No.2
75010105236,Dalmata Marinela 55g.
78916357,Desodor.Axe Bolita Caball
7501073453951,Chocolate Cajetoso 50g.
724609302135,Malvavisco Michel 420g.
7501001653965,Chocolate Cajetoso C.14
7501056901554,Ryoswtz Aipry Pywki
7501032925956,Wios Ciki G Tiysot C192cf
74323088793,Soto Rrkzisr Oocpr
7501040091551,Grxfioz Uojez Nw Pywki
7501002669729,Tang De Mandarina 7.5 Lt.
766902001858,Paleta Palerade Mar C.40p
7501056901882,Ryoswtz Mzyi Ciyw Swtzi
7501015207413,Acuarela Pelikan C.12 Col
41789001857,Sopa Maruchan Cam-Limon 
7501065044051,Ikzyotjrkrf Crcxfwzw644cf
7501027255211,Tinte Imedia 5.45 Cast.Cl
7501086472024,Cwxoffr Jtaitzof Anrrpl N
41789009150,Arxi Siyhneit  Ceofw Bipi
9789700738147,Ef Wwzyizr Nw Nryoit Zyil
7501015602,Aipyozik Qraawzk
7501446090080,Inwozw Khifozl Azizw Aiw 
7503002493014,Ijhi Qhyoaonisi Eymo 744c
20800753050,Pepto Bismol 236ml.
7501761837810,Oiyyi Nw Cwywif Khiqwy 14
7501007704005,Servilletas Petalo C.250
750100770405,Servilletas Petalo C.250 
7501017004621,Chile Nachos Jalap.380gms
7501022103722,Shampoo Manzanill.Gri 400
7501035913356,Shampoo Caprice 250ml.Man
27242430365,Videocasset  Sony 6 Hrs.
757437301995,Iyrcigw Ioy Pywkewtwy Axy
78917316,Desod.Axe Seco 50ml.Rollo
20800309295,Desod.Old Spice Gel 85g.
7509546010854,Sh.Caprice 250ml.Ceramida
47400130289,Desod.Guillete Gel 85g.
52800322103,Cywci Uhpyoswyc Awni 644c
7702035468352,Crema Lubriderm UV 240ml.
4005808802821,Cywci Homwi Araz Sofq 974
7501040091148,Yogurt Yoplait Ligh 250g.
19143019,Merthiolate Blanco 30ml.
7501008486504,Merthiolate  Blanco 30ml.
759684317071,Violeta Genc.Jaloma 40ml.
7501055312870,Sitviti Uoaz Zrfswt 844cf
7501017375738,Papel Petalo Sensati.C.4 
754373027224,Cotonetes C.100
7501839190489,Shampoo Fructis350ml.
74323078008,Qifwzi Qilikr Wonrfotr
827680880360,Cotonetes C.300 Kofree
634700202,Zyiki Crfry Lotr Qinki 24
7501086474363,Cepillo Dental Pro Med.Ad
20800307659,Desod.Old Spice 60g.Barra
750101125476,Rancheritos Tkos 62 G.
78853003066,Bolis Doble C.10 Safari
7885303066,Bolis Safari Bolsa C.10 P
78530306,Bolis Safari  C.10 Pzas.
7501060409084,Globo No.12 Bolsa C.25 Pz
7501060407578,Globo No.7 Bolsa C.25 Pza
7501060408339,Globo No.9 C.25 Pzas.
27850100,Hojas P.Tamal El Patito
99072080713,Pañal A B C D  Chico C.14
75001964,Pyhzko Sitviti
7501056901899,Ryoswtz Mzyi Ciyw Pywke
89775312488,Cepillo C.Base  Metalica
679285308028,Cepillo P.Baño Base Plast
706347001457,Tinta Fuerte Negra 60ml.
7501013188080,Thcwg Axryz 156cf
7501013197389,Ceokxivr 156cf
7501056347611,Acondic.Sedal Lissage 400
7501027246448,Shampoo Elviv..400ml33mas
79522769436,Mousse Hi Style 225ml.
7501035906853,Acond.Mennen C.Ac.Alm.500
7501058775146,Insect.Rodasol 200ml.
7891037130586,Crema Sedal Anti Spon-300
7509546009049,Desod.Speed St.Barra Cab.
7509546009063,Desod.Speed St.Barra Caba
643795543408,Totis Donitas Bolsa C.25 
7501559505426,Inwozw Khiqwy Qiyi Zikrfo
7501559508427,Inwozw Khiqwy Nowkwf
13117016314,Pañal Affective Gde.C.12
7310820104,Sardina Guaymex 425g.
75017187,Colibri Musgo Y Mader.500
75017163,Colibri Lila Silv.500ml.
75017170,Colibri  Fres.Bosque 50ml
75017194,Colibri Invierno 500ml.
78913170288,Plato Pay C.Galleta
7501008007365,Pyrrz Urrxk
701664500607,Chiswytr Qyrawkortif Fru
701664502038,Hojas T.Oficio Paq.C.100
70164502038,Hojas T.Oficio Paq.C.100
18100897154,Bolsa P.Regalo Grande
75015374,Gerber Mango 1a.Etapa
34700200491,Ensalada Verduras 425g.
7502210275979,Gel Super Sweet 250g.
7501056320645,Crema Ponds H 50gms.
7501051153477,Insect.Baygon Spray 400ml
7501032926106,Raid Spray Mata Cucar.296
7501032925307,Raid Mata Bichos 300ml.
7501839113983,Shampoo Y Acond.Fruct.350
7501001133290,Shampoo Head Sh.400ml.
7501044225860,Aeicxrr G Etbhijw Winwf
7501001158439,Toallas Naturella C.10
7501026054013,Colibri Aroma Musgo 1 Lt.
7501026054020,Crfopyo Iyrci Jtmowytr 3 
7501026054037,Crfopyo Iyrci Orkdhw 3 Uz
7501026054044,Colibri Aroma Silvest.1lt
24142003620,Dulces Mimos 406g.C.70 Pz
2414203620,Dulces Mimos 406g. C.70 P
7501013171037,JUGO JUMEX 410ML.
7501059207110,Leche Nan 2 1.100g
7501067710022,Corn Flakes Maizoro 450g.
716829227909,Audifonos Coby C.V.H79
27242491472,Ihsoartrk Crpl
9780876322628,Ihsoartrk WQ BA 2O
7501001656454,Chocolate Abue 90g.Redond
75002749,Oiljrt Ciki G Tiysot 357 
7501019006074,Toalla Saba Intima C.10
750101906074,Toallas Saba Intima C.10
7501839159646,Acondic.Fructis  300ml.
7501839118452,Shampoo Fructis 2-1 Antic
7501776330696,Gel Kopal Kids 250g.
47400187610,Desod.Guillette Gel 85g.
13117016260,Pañal Affective Med.C.10 
7501059214385,Nesquick 400g. Chocolate
644209307524,Harina Pastel Dun.French.
7501041413130,Izht Iehcisr Rhttl 354jck
82984258493,Urnort Nici Cefrw
82984259018,Urnort Nici Wrcitnw
82984258141,Urnort Nici Ciyrfoti Bwyy
82984258417,Urnort Nici Iciyojw
7501988114190,Qryziywzyizr Picofoi
7791293884592,Desod.Rexona Spray 175 Ml
7501017005062,Chile Nachos Costeña  220
7502004881089,Pañal Pasitos Med.C.14
7501032925420,Raid Rastreros 271ml.Spra
7501032925406,Raid Voladores 278ml.Spra
721672004041,Cotzi Isewkomi Rhq 39g34c
7501174951097,Ekzhnew Zwrcwzyonr Oinr
7501214907336,Robwyi Eknrfiy Oiyyofozr
7501013197358,Thjr Ceokxivr 156 Sf O Py
7501013197419,Thjr Ceokxivr
7501035911086,Crema Dental Dob.Fres.100
724609302128,Malvavisco Milch 420g.
7503002217795,Ciciyrt Qfili Nryisi 694j
7501166512183,Cubeta No.18
750166512183,Cubeta No.18
7501059212176,Cerelac Nestle 400g.
7501008496152,Aspirina C.100
750108496152,Aspirina C.100
678634495006,Calcetin Mini Paq.C.3
79522680700,Mordedera C. 2 Pzas.
786943005080,Uopyr Crfrywiy Itjwfk
88908151314,Libro P.Colorear Mi Prime
89775357090,Bolsita Bebe  C.Esponja
79522920639,Yixizozrk Owpw
7952920639,Yixizozrk Owpw
8276802468740,Crpobozi Owpw 
7501370241015,Rizador De Pestañas Curti
7503002549018,Desod.Pastilla P.Baño Zeu
8149053,Desod.Baño Zeus Pastilla
7501056319670,Desod.Rexona Bolita 53g.
27242406186,Casset 8 Mm. Sony 120 Min
780707605073,Aspirinas C.100 325 Mg.
41348001984,Vics Colds Rub 113 Gms.
725226002026,Qifwzi Axoswy Sit Pyowtsk
72526002026,Qifwzi Axoswy Sit Pyowtsk
36731574008,Gatorade Frost 500ml.
36731565006,Gatorade Fierce 500ml.
7501024579211,Hersheys Cookies C.236ml.
7501050410380,Papel Adorable C.500 Hjs.
7501059214590,Nesquick Bolsa 375g. Nest
7501017911493,Ohyphbik
75010178663,Ryijrt Qrkzyw Uwnew  3 Qv
745403020063,Paleta Sandifere Bols.C40
725181396109,Crazy Mix C.12
725181718109,Skwinkles Salsagheti C.12
724869005067,Gomitas Frambuesa 500g.
72486905067,Gomitas Frambuezas 500g.
7501056900854,Halls Piña Colada
7501035908925,Desod.Lady Speed St.Invis
7501166501026,Tina Plastico No.22 Bongo
7501166513050,Oitswbi Swsoiti
7501055312818,Pitzi Hiyitbi Ceicrl 844c
7501227002493,Leche Zaragoza 1 Lt.
750127002493,Uwnew Etzwyi Yiyijrvi 3 U
725226002033,Qifwzi Siymwf Axoswy Sn91
725260203,Qifwzi Siymwf Axoswy Sn91
39802795,Pila Energ.Titan.Paq.C.4.
44300125193,Aifki Nw Arli Ui Cerl 310
644209307463,Qikzwf Cfikkon Feozw Nhtn
7501013197396,Thjr Ceokxivr Thcwg  156c
36731575005,Gatorade Frost 500ml.
759686891425,Qifwzi Cehxiswsr Lwyr C14
744831151912,Lwfisryi Ceiyyr Swsoiti
7501001625214,Cereal Trix 230 G.
679285832059,Ijwtsi Hrzwprrq
54219786897,Portaretrato C.Album
89775245175,Broches P.-Ropa Paq. C.10
41146002558,Broche P.Ropa C.30
767014602049,Noiyor Noktwl
79522988776,Acuarelas Paquete C.21 Co
754373432042,Ekzhnew Eknrfiy  Bixxl Zo
54219822427,Qryziywzyizr Owpw
79522915819,Espejo C. Repisa
7445306502316,Porta C.D. Para 40 Piezas
745306502316,Porta C.D. Para 40 Pzas.
88908558007,Uopyr Crfrywiy Ahxwy Zyit
786943003307,Uopyr Crfrywiy Qhtql Qhvv
79522780561,Biberon Paquete C.3
710789685748,Biberon C.Escobetilla
79522681783,Oopwyrt Swyyo Rrzk
27242448186,Videocasset Sony 8 Hrs.
7501839113990,Aeicxrr Pyhnzok 9 Et3 674
7501839187144,Acondic.Fructis  300ml.
7509546006307,Shampoo Caprice 900ml.
7501035902022,Jabon Palmolive 150 G.
750103590202,Jabon Palmolive 150 G.
7501035902015,Jbon Palmolive 200g.
7501017911509,Burbujas Paq. C.12
719886511059,Pelonetes  Paq. C.6
725181502104,Lucas Panzon C.10
759686402126,Pale Mazapop Vero C.40
8410330603031,Cernrfizw Oyorto
8410330125090,Chocolates Dña Jimena Caj
7501021162034,Uocxoimosyork Rrzif 574cf
7702094324064,PILAS AA RAYOVAC C.4
7501001617714,LECHE NIDO 400G.
750159508427,Aceite Quaker S. Diesel 
7501559506805,Aceite Alto Km.Quaker 950
750101127517,Tostadas Tostitos 350g.
75010248582,Big Mix 50g.
756702131367,Rrkzisik Urk Ceiyyrk
7501064304170,Ciyxwzi Axoswy Sit Pyowts
7501064304149,Carpeta Garfield T.Carta
745403025051,Paleta Piña Pingos C.40
7501615401020,Luneta Bolsa 480g.
7501615400214,Chocolates Chonkos C.50
703885061936,Caramelos Kucho Cja.C.24
719886512018,Pelonetes Trompo Cja.192g
71986512018,Trompo Invasores 192g.
719886511998,Brillo Lips Lorena C.12
703885061639,Qifwzi Yhcpi Qrx
7503005805074,Goma Dulyks 300g.
7503005805067,Goma Dulyks 300g.
719886511431,Qifwzi Wwkryzw Urywti 648
7198651431,Paleta Resorte  Lore. 306
806796818764,Chocolates Ulkerin  200g.
7790580471002,Nhfnwk Pywke Cyokzif 187j
7501127754041,Inwozw Qwttvrof I Nowkwf 
3700394952,Tallas Natur.C.8 Noch.C.A
7501013188141,Jugo Jumex Sport 473ml.
7501005110242,Maizena Natural 95g.
7501039120019,Inwozw Xfzhk Nw Arli 244c
7501021162010,Quita Grasa TOTAL 700ml.
644209307456,Harina Pastel Duncan H.Ch
7501003390400,Aceitunas Bufalo 240g.
7501001162917,Ariel De 1 Kg. Y Downy 85
7501027247308,Acond.Liss Intense 400ml.
78006812,Desod.Axe Touch Barra Cab
7501056901936,Deemints Certs 30g.Adams
7501056901950,Deemint Certs 30g. Adams
7501017394982,Cuaderno Esc.Raya Scribe
7501017395019,Cuaderno  Scribe Res.Esco
701664500614,Chiswytr Qyrawkortif Fru
41540564003,Liquid Paper 18ml.
7501901600755,Lapicero Z Grip 0.5 Mm.
75019016075,Lapicero Z Grip 0.5
72512160329,Lapicero Pentel Carn. 0.7
72512160411,Lapicero Pentel Carn. 0.7
72512160381,Lapìcero Pentel Carn. 0.7
72512160350,Lapicero Pentel Carn. 0.7
7501015204368,Uixov Isewkomr Cyike 2jck
7501015207147,Lapiz Adhesivo Crash 20g.
729090072109,Thjr Artyoki Zhilipi 974c
7501014689524,Juego Geometria Vinc.8952
7501014689326,Juego Geometria Vinc.8932
751214205476,Ciyxwzi Anrrpl Nrr
7512142073,Ciyxwzi Noktwl Rowyyi Xkr
751214006004,Ciyxwzi Pikz Phyorhk
7501593863513,Libreta Taquig.Selecto Gd
7501593863605,Libreta Taquig.Selec.C.80
9789706076281,Diccion.Practico Larousse
9789702203667,Diccionario Educ.Estudian
97897020367,Diccionario Educat.Estudi
9789685229586,Nonnortiyor Oikonr Eknrfi
766902001964,PALE LENGUAS DE F.MARAC40
744911005524,Paleta Sandia Karla C.40p
7449100524,QIUERI AIHNJI RITJRXA DIW
7501035909595,Axion Liquido 900 Ml.
643795543415,Che Totis Bolsa C.25 Sobr
643795545136,Qixozik Pyozik Rrzok 67 Z
7501059214392,Nesquik Fresa 400 Gms.
7501001258030,Qwxzr Ookcrf Ripfwzik C91
7501001157296,Toallas Natur.C.Alas C.10
708379160034,Rizadora Pestaña2
7501027218353,Desod.Obao  Sensitive Pas
7501443500513,Desod.De Pastilla P.Baño
21200510038,Zhitzwk Anrzne Oyozw Zyit
7501035906839,Shampoo Y Acond.Menen 500
7501040090462,Grjhyz Grxfioz Crnrk 
70330709485,Wikzyoffr OJC Crtaryz
744831121618,Lwfisryi Aitzi Eshuojwk
99072080720,Pañal ABCD Mediano
7501013188301,Thcwg Axryz 156cf
75019730,Yocreme Cookies&Cream125g
13117020335,Pañales Kiko Ultra Gd.C40
7501668300301,Ceofwk Zhwyozrk 974j
7503007224019,Brbi Ricif Swgoniti  314j
7501056902100,Deemint Certs Limon 30g.
7503006894077,Veladora Filo Oro C.Aroma
7503006894107,VeladoRA Filo Oroc.Aroma
7503006894053,Veladora Filo Oro C.Aroma
75030689407,Veladora Filo Oro C.Aroma
745404115607,Cernrfizw Cewwyk Cryr 384
75012670,Ifcrts Trl
7501174900903,Cryzisry Zyitsw Chz 946
729090072130,Jugo Sonrisa 250ml. Mango
72909072130,Jugo Sonrisa 250ml.
7501063500580,Bota Navideña Mediana
724869044714,Mini Drums 18g. 
7248690417,Cernrfizw Sifmiprt Pywki
7248690468,Chocolate Malvabon Piña
7501088210686,Moneda Navideña C.48
750108210686,Moneda Navideña C.48 Pzas
7248690451,Soto Nyhck Nw Ui Wrki C91
7503004988051,Polvo Picoso Bibi C.13 Pz
7501088210464,Nucita Navideña C.18 Pzas
742587046230,Chocolate Bremen C.10 Pz.
751214304032,BOLSA REGALO NAVID.MED.
734365260358,Regla Aluminio 30cms.
7501001165314,Aeicxrr Qitzwtw Uokr 144c
7501027216816,Aeicxrr Efmomw 144cf
7501839114201,Shampoo Fructis Antic.350
6855272043514,Foco Ahorrador 30 Wts.
685272043514,Foco Ahorrador 30 WTS.
7501055904181,Sifzwisi Ifxhyi Pywki 397
750105904181,Sifzwisi Ifxhyi Pywki 397
75002107,Malteada Alpura Choco.125
7502107,Malteada Alpura Choco.125
7501055904198,Sifzwisi Ifxhyi Sitjr 974
75009090,Zwfizoti Nittl Nitrtw 397
7501055901562,Mangos C.Crema Alpura 125
7501055901548,Fresas C.Crema Alpura 125
7501055900121,Crema Alpura 200ml.
7501035903159,Suavitel Baby 1 Lt.
7501037908022,Buscapina C.36 Grageas
13117020328,Pañal Kiko Ultra C.40 Med
728801073022,EXTENSION ELECTRICA 9FT.
8357311,Cigarro Viceroy Speci.Caj
7501317500755,Cernrfizwk Ekzhnew Ui Zoy
75013175075,Cernrfizwk Ekzhnew Ui Zoy
750131750755,Cernrfizwk Ekzhnew Ui Zoy
7501317501387,Cernrfizwk Ekzhnew Ui Zoy
7501317500779,Cernrfizwk Ekzhnew Ui Zoy
75013175079,Chocolates La Giral.Estuc
70910024,Chocolate Cherry 227g.C12
75012533,Flan Danette 200g.
7501253,Flan Danette 200g. C2
75015107,Yogurt Danette 200g C.2
7509546009018,Desod.Speed Stick Barra
7509546009001,Desod.Speed Stick Barra
13117012194,Pañal Classic R.Nac.C.40
1317012194,Pañal Classic R.Nac.C.40 
7501008028629,Orp Ekxrtbi Qidhwzozr 99j
7501080548,Cereal Bob Esponja 30g.
750100805488,Cereal Bob Esponja 30g.
7501317502001,Nhfnw Crfinort Ui Zoyifsi
750131750201,Nhfnw Crfinort Ui Zoyifsi
650496740012,Baston Navideño Med.C.20p
65049674012,Baston De Cajac C.20 Pzas
745403001581,Bastoncitos Navideños C.3
517274114567,Paleta Vaso Chupon C.20 P
7454030515,Paleta Tornillo C.20pzas.
10248765258,Arxi Siniyyrt Gwcoti 944j
745403020049,Paleta Tornara Tinaj.C.40
745403020025,Paleta Durazno Tinaji.C40
704903071050,Algodon Jaloma 10g.
644209307326,Betun Chocolate Duncan H.
719886511424,Paleta De Resorte 17g.
7501040093012,Grjhyz Grxfhk Hizhyif 374
7501040093036,Grjhyz Grxfhk Coyhwfi 374
7501040093029,Yogurt Yoplus Fresa 150g.
7501040093043,Yogurt Yoplus C.Papaya
7501017002023,Rajas De Jalapeño 3 Kg. C
7501035903074,Suavitel Lt.Fresco Rocio
7501048100163,Inwozw Cyokzif Nw 3fozyr
7501048100200,Inwozw Cyokzif Nw 744 Sf
7501009008019,Saridon Caja C.100
7501370200579,Pinza P.Ceja Curtis
750137020579,Pinza P.Ceja Curtis
7501056310417,Desod.Patrichs 60g. Barra
7501056310165,Desod.Patrichs 60g. Barra
4748732,Desod.Gillette Gel 85g.Ba
4741137,Desod.Gillette Gel 85g.Ba
474137,Desod.Gillette 85g.Barra
7501035913349,Shampoo Caprice 250ml.
7509546010847,Shampoo Caprice 250ml.
7501027216823,Shampoo Trat.Elvive 400ml
7501001165345,Shampoo Pantene 400ml.
75902031476,Shampoo Caprice 400ml.
744911005500,Paleta Sandia C.Chile
99072080744,Pañal Abcd Exgde
7501005102179,Silrtwki Bwffcittk 524j
744831155255,Veladora Imagen Vaso Med.
748315255,Lwfisryi Jcijwt Swsoiti
74831525,Veladora Virgen Fco.Media
744831123216,Veladora Luz Eter.Sin Vas
7501048100194,Inwozw Cyokzif Nw Citrfi
602499161011,V Virgen De Gudalupe
1602499161011,V Virgen De Guadalupe
7503001205083,Ceofw Zhwyozr
20800309288,NwkrsXfs Axonw Zwf Oiyyi
7791293001227,Desod.Axe Spray Touch Cab
7501059216099,Clavel Carnation 373ml.
7509546010878,Shampoo Caprice 2.1 500ml
7509546010861,Shampoo Caprice 500ml.
751214205452,Ciyxwzi Zyitciyq
75121406240,Ciyxwzi Zyitciyq
751214302571,Bolsa P.Regalo Baby
751214201317,Bolsa Mediana P.Bebe
603554005011,Rollos De Guayaba C.16pz.
603540501,Rollos De Guayaba C.16
60355405011,Rollitos De Guayaba C.16
7501559549062,Anticong.Quaker St.3.79ml
750159549062,Anticongel.Quaker St.3.79
619684002509,Cuchara Sopera C.25 Monar
61968402509,Cuchara Sopera C.25 Monar
7501005101158,Mayon.Hellm.S.Col.390g.
750100510158,Mayonesa Hellm.S.Col.390g
17479831134,Sardina Yavaros 425g.
1747983101,Sardina Yavaros 425g.
7503005866013,Coco Bandera C.20
7501001625252,Cwywif Hwkdhoq Hwkzfw 604
7501059292406,Nescafe Dolca Bolsa 10g.
7501064551277,Mejoral Plus Cja.C 12 500
7501073086173,Jeringa Plastip.Cja.C5 Pz
7702031504313,Protector Carefree C.28
750100304691,Qotjhotr Biffruwwt 3 Qowv
643795543439,Totis Donitas Bolsa C.25 
7501530910034,Sal Hada 1 Kg.
75030049107,Globo No.7 Plasa C.100
8390617,Cojiyyrk Lonwyrl Uojez
75019846,Ohppifr
759686512184,Qifwzi Wrsoffr
7501001164355,Pañal Pampers Med. C.14
7501016435,Pañal Pampers Med.C.14
75010164355,Pañal Pampers Med. C14
7501530910072,Sal Hada  Bote De 800g.
7501052522722,Leche Zaragoza 2%
7501040093517,Yogurt Yoplus 250g.
7501040093524,Yogurt Yoplus 250g.
7501037226089,Qifoffrk Qiki
750153091034,Sal Hada 1 Kg.
7501568650148,Garapiñado Pepito C.25 Pz
7501008052600,All Bran Manzana Canel.40
75018410462,Limpia Hornos Mony 470g.
7501001132026,Jabon Escudo 200g.Rosa
745403020070,Paleta Limoloco Tinaj.C40
745403020094,Paleta Creamice Tinaj.C40
745403020056,Paleta Lovylove C.40 Tina
745403020155,Paleta Michelada C.40 Tin
725181247012,Qitvrt Orzwnozr Nw Uhnik
725181722106,Paleta Muecas Paq.C.10
7507876511287,Aceite Baby Oil 386g.
7509546009179,Cywci Nwtzif 57cfCrfjizw
7501056324667,Crema Dove 200ml.
7501361124013,Odolex Fresh 150g.
7501361121500,Odolex Herbal 150g.
7501661455442,Vaselina Bebe 135g.
7501040071249,Arfw Owposi Nw Arli 677cf
7501040071027,Sole Soymilk 236ml.
7501020516043,Bebida Shot Lala 330ml.
7501020516050,Bebida Shot Lala 330ml.
75010205172,Yomi Lala 150g.
7501020513004,Grjhyz Uonhisr Pywki G Qf
725226007069,Caramelo Hojaldrado C.100
744911001007,Paleta Escobita Karla C.4
724869003704,Choc.Nugs Crujiente Pza.
724869003711,Chocol.Nugs Crujiente C12
725181752103,Salsagheti Skwink.Cja.C12
6912176008121,Marcador Sabonis C.12
751214203847,Ciyxwzi Ruwwzl Qorfot
7501014689722,Jgo.Geometria Dixon 8972
72067313447,Zok Iciyoffrtsogrt Cbin39
7501015201718,Rotzi Qiyi Awffrk Wrff Xt
7679820410,Zyixik Azitsiys Cibi
7501001164362,Pañal Pampers Gde. C.12
7501001164379,Pañal Pampers  XG C.11 Pz
75902038406,Jabon Bold 3 1 Kg. Brisa 
7501542520108,Barbacoa Res 220g.Sierr.G
7501003390462,Inwozhtik Nwkehwkisi 914j
7501023602026,Izht  G Lwjwzifwk Hioy 35
7501059216266,Leche Nan 2 De 1 Kg.
7501040093609,Grjhyz Grxfhk Grxfioz 974
750104093609,Yoplus Yoplait 250g.
13117020038,Pañal Kikolastic Gde.C14
131702021,Pañal Kikolastic Med.C14
13117020021,PAÑAL KIKOLASTIC MED.C14
7501020527551,Jugo Natural !es  Lala Lt
10248765159,Poswr Swsoitr
744911005517,Qifwzi Ribozrk
71187503851,Papel Aluminio 2.32mt
10248765135,Arxi  Awcoffi Swfrt Gwcot
10248765142,Arxi Xbr Nw Qwysov Gwcoti
10248765173,Sopa Codo Liso No.1 Yemin
10248765241,Arxi Axijewzzo Gwcoti 944
10248765210,Sopa Plumilla  No.11 200g
34587020069,Sal De Bote La Fina 1 Kg.
7501025408589,Ensueño  900ml.
78918115,Desod.Rexona Teens 50ml.
78918092,Desod.Rexona Teens  50ml.
62338057682,Desod.Wizard Vainilla Spr
7501040093548,Grjhyz Grxfhk Grxfioz 974
7501035904767,SUAVITEL ECONOPACK 1.8LT
744831152353,Lwfisryi Owjri Xyr 
2295806,Ceonfwk Fotzwyaywke
7802215115127,Chocolate Mecano Cja.C32p
78914308,Nwkrsryitzw Igw Wrffrt Ci
7501059216259,Leche Nan 2 400g. Protect
7501059216235,Leche Nan 1 De 1kg.Protec
880220230049,Qfhcrt Nw Zwf
880220230063,Qfhcrt Nw Zwf
8802203080429,Qfhcrt Nw Zwf
880220230025,Qfhcrt Nw Zwf
8020230025,Qfhcrt Nw Zwf
880220220071,Qfhcrt Nw Zwf
880220230018,Qfhcrt Nw Zwf
734365090603,Regla T Silco 60cms.
7501214949657,Compaz Precis.Estuche Bar
75013214949657,Compaz Precis.Estuche Bar
72067151551,Uixov Isewkomr Nogrt 93 Z
7501174992540,Escuadras Semi Prof.Gradu
7501056326043,Crem.Ponds Rejuveness 100
41468005527,Chinola Griffin Negra 73.
2295204,Ceonfw Nrhpfwcotz Zyitsw
7501008486320,Tabcin Infantil C.12
7501013118162,Jugo Jumex  V8 335ml.
750101318162,Jugo V8 Jumex 335ml.
41269104160,Balon Corazon De 1 Kg. Pa
13602001504,Ciyprtizr Ui Srtozi  944j
7501024207022,Hot Cakes Pronto 500g.
7501020500356,Jugo Lala Manzana 750ml.
76150430578,Palomitas Chile C.Limon
76150420098,Palomitas Caramelo 184g.
7615042098,Palomitas Caramelo 184g.
7501020527568,Jugo Natural E S 280ml.
7501020529289,Licuado Fresa Lala  1lt.
7501001168896,VICK PYRENA CJA.C.12 SOBR
7503002352113,Aceite P.Transmision Auto
7503002352014,Inwozw Srzry Zikrfoti Enr
75010158016,Cheetos Torciditos 44g.
7501166513067,Oitswbi Chpiki Zyitsw
13170173,Pañal Classic Et.3 C.40 P
7501059216242,Leche Nan 1 400g. Protect
350467287,Palmolive P.Trastes 739ml
7501025434038,Flash Floral 1lt.
79522901270,Gel Le Fleur 1124ml.
7501001165321,Acond.Pantene Rizos 400ml
7501027282330,Acond.Liss Int.Elvive 400
20800305839,Etbhijw Bwis Aerhfswyk601
20800305822,Acondic.Head Should.384ml
7501836905017,Aceite Funny Baby 320ml.
75919061,Desod.Dama Secret Roll On
75917296,Desod.Bolita Secret Dama 
718644080851,Grasa El Oso Negra 90g.La
56626756210,Aromatiz.Spray Garden 258
78009233,Desod.Axe Barra Cab.54g.
7501020526455,Thjr Uifi Nwnibi 574 Sf
750102050356,Thjr Nw Sitviti 574 Sf
7503002688021,Qikisrywk Potrk
7501219158,Popote Cja C.150 Pzas. Pr
7501003187123,Miel Maple 260ml.Carlota
7501001684020,Kermato Picante 470ml.
74963200326,Cafe Unico Frasco 100gms.
7501036050,Oiyyozi Nrpfw Popyi Oocpr
7501003390035,Aceitunas Bufalo150g.
12800185078,Pila Alcalina AA Paq.C.4
7503005866501,Conos XX C.100 Pzas.
78913170370,Plato Pay C.Gall.Sab.Choc
7501056912611,Chicles Bubbaloo Cja.C.60
750101190191,Chicle Big Ball C.50 Pzas
27038345,Catsup Hunts 397 Gms.
270383445,Catsup Hunts 397 Gms.
7501027247407,Acondic.Elvive 400ml.
7501020529265,Licuado Lala 1 Lt. Chocol
7501020529272,Licuado Lala 1 Lt.
7501020512779,Yogurt Yomi Lala 270g.
7501020512786,YOGURT YOMI LALA  270G.
7501005180443,Knor Tomate 22g.
431058366,Cuaderno Mead 180hjs.
750101451016,Boligrafo Bic P.M. CjaC12
7501014511023,Boligrafo Bic P.M. C12
75010165328,Hhzyozik Aipyozik Likr 67
18804003141,Ceonfw Citwfk Sotoizhyi
830781,Cojiyyrk Ifik Cibwzoffi P
7507614,Coca Cola 600ml.
725181361015,Skwinkles Salsagheti 30g.
719886512001,Qwfrtwzwk Urywti
7501020526158,Jugo Lala 750ml. De Caja
7501059207073,Kermato Oferta C.2lt Y1 M
7501091478929,7501091479148
7501091479148,Pila Cuadrada 9V. Rayovac
7702094124145,Pila Med.Heavy Duty C C-2
54219530032,Crzrtwzwk Tindhwflt 774
657190891156, Paleta Tito Rico C.15
750101103191,Papitas Sabrit.Mex.38g.
7501431201101,Vaso Termico No. 110
722429320025,Oipl Aeicxrr 218cf
7030312593,Plumones Conte Bic C.12
7501073086159,Jeringa 3ml. Caja C.5
7501668301001,Aifki Ceofw Crfryisr
7509546009209,Suavitel Baby 900ml.
7501020512311,Queso Tipo Panela 400g.La
34587031010,Sal La Fina De 1 Kg.
602499161097,Lwfisryi Jcijwt
750101823098,Aceite La Glor.De Maiz1lt
7501055303540,Coca Cola 1.5 Lt.
661782100328,Uocxoi Losyork Zfikk C218
4902520163196,Rollo 110 C.24 Fujicolor
7501007503707,Panty Protec.Carefree C45
75010169852,Be.Light 500ml. Fresa
7501668300806,Jugo Maxi Naranja 1.5 Lt.
75010623174,Galletas Emper.Comb.775g.
7501037453263,Shampoo Herbal Ess.200ml.
7791293028187,Desod.Axe Spray Fusi.160m
791293028187,Desod.Axe Fusion Spray
78918108,Desod.Rexona Teens Rollon
78918511,Desod.Axe Rollon Cab.50ml
7501056324797,Crema Ponds C  270g.
75010158320,Cheetos Flmain Hot 27g.
7502209070622,Manguera P.Jardin  10 Mts
7501003391056,Cerezas Bufalo 200g.
7501076110943,Camarones Escuinapa 320g.
7503004916016,Frijol El Zurco1 Kg.
706347002027,GRASA PACSA VINO 90G.
8363215,Cig.Raleigh Reserva Espec
724869001151,Cacahuate Japònes C.20
7501006539684,Mermelada D.M. 1 Kg. Fres
7501058756350,Desod.Baño Harpic 35g. Pi
62338778983,Desod.Wizard Ambiente
62338778952,Desod.Ambiente Wizard
7791293002545,Desod.Axe  Spray Caballer
7501013189032,Jugo Jumex Sport 600ml.
750101194458,Sabridip 240g.Cebolla Fra
7501013122138,Jugo Naranja 1 Lt.Jumex
7501013170139,Thfojez Hiyitbi Thcwg 844
7501020513110,Hizoffi Uifi Liotoffi
7802800705344,Zuko Durazno Sobre 30g.
7509546010533,Crema Dental Golg.Tot.128
7501001303600,Crema Dental Crest 100ml.
759684076152,Algodon Jaloma50g.
7501032907464,Insectic.Baygon Verde 153
34587090024,Sal La Fina 500g.
7501001127190,Jabon Escudo Neutro 200g.
750101127190,Jabon Escudo 200g. Neutro
7501005101257,Mayonesa Hellmans 950g.
750105101257,Mayonesa Hellm.950g.
7501642302024,Thjr Qyocimwyi Nw Uozyr
7503006894121,Lwfisryi Pofr Nryisr
7501040030987,Tornillo Desh.C.Frij.110g
750104030987,Tornillos 110g. 1 Pieza
7501642302017,Jugo Naranja Primav. 1.89
690751215190,Paleta Bob Esponja Cj.C25
722082004010,Natilla Linares Bls.C25pz
7501003129918,Aiysoti Et Rrcizw Bwyswv
7501040093593,Grjhyz Grxfhk Grxfioz
71871545655,Tocino De Pavo  340g.Osca
7501008045480,All Bran Barrita 40g.Kell
7501008045336,Nutri Grain Barrita 39g.K
7509546011721,Desod.Speed  Barra P.Cab.
750954601721,Nwkrs Axwws Azonq Lrfnitr
78007611,Desod.Axe Barra Cab.50g.
7509546009070,Desod.24 7 De Gel Speed
32239058552,Jugo 2 Lt. Mango Valle
32239058545,Jugo 2 Lt. Durazno  Valle
32239058576,Jugo 2 Lt. Piña Valle
7501001655211,Cernrfizw Ciyfrk L Ofitnr
7501001278823,Ariel Downy 540g. 
75020361,Cigarros Delicados C.Fc18
7501020516081,Licuado Lala Fresa 330ml.
7501020516067,Licuado Lala Chocol.330ml
7501040071225,Sole Soyjuice 355ml.
7501040071263,Sole Soyjuice 355ml.
7501040071041,Sole Soymilk 236 Ml.
7501040071065,Sole Soymilk 236ml.
7501214949688,Crcxiv Qywnokort Oiyyofoz
7501017341085,Cuaderno Prof.Cuadricula
96619247653,Rollo 135 C.24
752216051061,Plato Hondo Jaguar C.25
75216051061,PlPlato Hondo Jaguar C.25
13117020380,Pañal Kiko Ult.Chico C.40
644209307531,Biyoti Qikzwf Xyitjw Nhtn
78915961,Shampoo Sedal 80ml.
78916197,Shampoo Sedal 80ml.
78915947,Shampoo Sedal  80ml.
6910021007206,Cwxoffr Nwtzif Crfjizw
30036870957,Desod.Ambiente Quality255
30036870940,Desod.Ambiente Quality255
7501054500834,Cywci Homwi Pofzyrk V L 
7501027273796,Acond.Elvive 400ml.Cab.Te
7501839104639,Shampoo Fructis Long Str.
7501056351120,Aeicxrr Awsif Zhiyiti
7501056351137,Etbhijw Awsif Zhiyiti
7501001164645,Shampoo Rizos 400ml.Pante
7501040093531,Yoplus Yoplait C.Papaya
7501040030994,Tornillo De Barbac-.C.Fri
734722457025,Cwxoffr Nwtzif Sljyi
7501008485316,Tabcin Efervesc.Cja.C.12
745403005022,Rolly Pop Caja C.12
7454030502,Rolly Pop Cja.C.12
725226001609,Dulce Milkaramelc.100
745403004988,Rolly Pop Cja C.12
724869004053,Chocolate Carcanch.C144
745404308900,Chocolates Chokos Cj.30pz
7702993010068,Dulces Big Ben 450g.
745404854131,Dulces Jelly Beans 400g.
745404595027,Chocolate Chokos 35g.
7503001881027,7503005278007
10248765166,Poswr Cicpyil
7503005278007,Bolis Doble Polar.Blsac10
10248765180,Crsr Uokr
75013394,Gerber Zanahoria 1a.Etapa
750101019,Sabritas 200 Gms.
75010653522,Ziffwzik Siyoi Cernrfizw
7501015501306,Balon Americano Cja.C.20
7501040071201,Arfw Nhyivtr Sitviti
7501020512540,Grco Uifi
725181367017,Aquotqfwk Aifkijewzo
7501013117059,Jugo Jumex Durazno 250ml.
7501013170108,Jugo Julight 600 Ml. Jume
75010881,Jugo Jumex Guayaba 200ml.
7501013157116,Jugo Piña Jumex 2 Lt.
7501013157147,Jugo Uva Jumex  2 Lt.
7501013157505,Jugo Naranja Jumex 2 Lt.
7501013197402,TVZX CBJAQIYX TVSEM 156
769020493,Paleta Pirulicos Mara C.4
725181424109,Paleta Muecas Paq.C.10
725181128106,Paleta Muecas Paq.C.10
20800722469,Desod.Old Spice 60g.Barra
47400187696,Desod.Guillette 55g.Barra
47400130234,Desod.Guillette 55g.Barra
7503006503016,Rriffozik Bhcwsik C04 Oip
6027602869,Cuaderno Estr.Doble R.50h
10248765272,Sopa Estrella N.1 Yemina
7502217042550,Queso Cottage 350g.Los Vo
27400103087,Mantequilla Country 680g.
741217600118,Fottow Qrre Qrfmr Nw Ceof
602499161042,Veladora Sn.Martin Caball
7501059214989,Nesquick 200g.Chocolate
7501001165284,Shampoo Pantene Revit.400
7509546006314,Acondic.Caprice 900ml.Col
51933177505,Toallas Baby Wipes C.80
41220675432,Rriffik Owpw Nyl Poz C04
7501082750157,Gel Nuvel 1kg.
79522771989,Sryswswyik Owpw
7501001319625,Jabon Ace 630gms.
7501040044007,Pizza Hawaiana 680g.Sn Ra
7501040407,Pizza Hawaiana 680g.Sn Ra
7501040044021,Pizza Pepperoni 680g.Sn.R
37195638749,Lampara Crisa C.3 Piezas
7501005100861,Knor Costilla Cajita C.2 
7501047600459,Arroz Mexica 1 Kg.
7501047607083,Arroz Mexica 500 Gms.
13429206977,Bolsa P.Regalo Grande
13429201712,Bolsa P.Regalo Mediana
13429225787,Bolsa P.Regalo Chica
7501040044052,Pizza Doble Queso 195gms.
7501679402933,Hojas Color Paq. C.100
7508310290096,Hojas Color Paq.C.100
7501585512030,Hojas Color Paq.C.100
7501585511071,Hojas Color Paq.C.100
75015851071,Hojas Color Paq.C.100
751214006295,Ciyxwzi Orp Ekxrtbi
7501174992564,Escuadras  Semi Prof.
7501174992502,Eknhisyik Oinr Ceoni C9
7501014591544,Plumas Disney Bic Paq.C19
70330149311,Plumas Barbie Bic.Paq.C19
70330165793,Plumas Shimmers Paq.C.19
70330163515,Qfhci Oiypl Oon
70330147065,Qfhci Noktwl Oon
767982017302,Ligas De Hule Caja 100g.
7501037031201,Cotzi Cryywnzryi Drywk
764025935678,Hojas T.Oficio C.500 H.P.
7501015201152,Uixov Isewkomr Qwfoaog 2j
72067153715,Lapiz Adhesivo 36 G.
3154140192006,Crcxik Nw Qywnokort Sixws
7501001171582,JABON BOLD PLUS 1 KG.
7501032971151,Windex Express 525 Ml.
7501020512366,Mantequilla Light 227g.
7501020516104,Leche Lala Sin Colest. 1l
7501020510614,Yogurt Lala Natural 1 Lt.
706347002126,Tinta Fuerte 125 Ml.
7501040044014,Pizza Hawaiana 230g.
7501001303464,Shampoo Pantene 400ml.
7501001165246,Shampoo Pantene 400ml.
75010127616,Tostadas Cazuelas 187g.
4901780197163,Casset 90 Min.Sony
7501082750140,Gel Nuvel 1 Kg.
7501082750164,Gel Nuvel 1 Kg.
7501056324773,Crema Ponds H  100g.
7501056328047,Crema Ponds Clarant 50g.
7501001163990,Desod.Old Spice 60g.Barra
20800307642,Desod.Old Spice 60g. Barr
7501001163983,Desod.Old Spice Barra 60g
7501019068515,Protectores Saba C.28 Pza
7501019030185,Toallas Saba Aloe S.A.C10
7501032907648,Oko 349g.
7501559542001,Liquido P.Frenos 350ml.
7501040044038,PIZZA PEPPERONI 200G.
749633099448,Ijhi Qhyoaonisi Cfiyozl
7501056913830,Paletas Aci 2  500g.C.40
7501056913823,Paleta Aci 2 500g.
7501056325985,CREMA DOVE EX.SECA 200ML.
30036870933,Wizard Spray 255ml.
48155905641,Wizard Spray 257g.
48155905603,Wizard Spray 257 G.
7501025408558,Ensueño 500ml.Fresco Natu
7501040071324,Sole Light 355ml. Manz.Pi
7501040044045,Pizza De La Toscana 680g.
7501530910058,Sal Hada 500g.
750153091058,Sal Hada 500g.
7791293884585,Desod.Rexona Spray Cab175
7501668300509,Jugo Maxi 500ml.
32239057883,Jugo UvA 1 LT. Del Valle
7501005101837,Gelatina Pronto 84g.
7501005101806,Gelatina Pronto 84g.
7501005101820,Gelatina Pronto 84g.
7501005101868,Gelatina Pronto 84g.
7501005101813,Gelatina Pronto 84g.
7503001453194,Cafe Ole 281ml.
7501032907549,Insectic.Baygon 230ml.Acc
7501032907488,Insect.Baygon Poder M.180
10248765128,Arxi Gwcoti Ekzywffi 944j
10248765197,Arxi Gwcoti Crtnei 944j
7501839107852,Desodor.Obao 65g.Bamboo
78914650,Desod.Rexona Roloon 50ml.
7501056351571,Shampoo Sedal 400ml.
7501056350673,Shampoo Sedal 400ml.
7501056350680,Shampoo Sedal 400ml.
7501001308704,Toallas Alw.Norm.S.Alc12
7501019007606,Toallas Saba Confort C.8
7501032907631,Jtkwnzonosi XDX
7454030050154,Rolly Pop 35g.
7802800705382,Zuko 30g.Mango
48155904750,Espuma P. Rasurar 397 G.
75010360796,Cronchers Piquechos 50g.
7802800705467,Yhqr Sog Hiyitbi Pywki
36731573001,Gatorade Frost 500ml.
7501668300905,Jugo Maxi 1.870 Lt.
7501668300400,Jugo Maxi 3.785
7501018230098,Aceite La Gloria 1 Lt. De
7501011395732,Jugo V8 Splash 500ml. Fru
7501011395756,Jugo V8 Splash Zarz.500ml
7501032935504,Qikzoffi Qizr Qhyoaon 10j
7501058756367,Desod.Harpic Pastilla 35g
7501058756466,Desod.Harpic Pastilla 35g
62338770024,Desod.Ambiente Wizard 226
7503004916023,Frijol El Zurco 1 Kg.
7501001155841,Downy Libre Enj.850ml.
7501692627665,Chamoy Pavito 1 Lt.
7509546009728,Shampoo Caprice Liso 1lt.
7509546009513,Shampoo Caprice 1lt. Miel
750954609728,Shampoo Caprice Lis.Per1l
7509546004983,Shampoo Caprice 900ml. Al
7501020515398,Uwnew Uifiswkfinzrkisi 3f
7502210240021,Talco Bebe Jumbo470g.
7501086473021,Cwxoffr Qyr Swsoitr
7501039701959,Crema Real 95g. Rosa
75010405831,Jamon De Pavo Virg.250g.
75020569,Yogurt Suave 150ml. Yopla
75020576,Yogurt Suave 150ml.Yoplai
75020583,Grjhyz Ahimw Grxfioz Pywk
42097419,Desod.Nivea Barra Cab.42g
4005808816033,Desod.Nivea Spray Dama
75020224,Cojiyyr Siyfpryr Ivhf Cib
70330312593,Plumones Bic.Conte C.12
39093098069,Arcpyik Cicwr Hr2048I
7161890099468,Arcpyik OW Ekzhnew 2218
7161890098621,Arcpyik OW Ekzhnew 089I9
656497890961,Arcpyik Nwfhgw EkzO428
7161895541733,Arcpyik OW Hr 653 Ekzhne
78914292,NwkrsWwgrti Orfozi 76j
7791293003498,Aeicxrr Awsif Zhiyiti 674
7501056903244,Ceonfwzk Swtzi C39 Qikzo
7501056903565,Cfrywzk Cwyr Ivhniy C39 
7501056903787,Ceonfwk Cfrywzk C39 Qikz
7501056903251,Ceonfwzk C39 Qikzoffik
7501056903237,Ceonfwzk C39 Qvik
7501056902292,Biffk Ahjiy Pyww C2 Qikz
750101158115,CBERXA RXG 94Z
750105043043,Awymozriffik Jyok C84 Br
75010178359,Hhpw Sijoni Artyonk
7501017367337,Dfwwtwg C87 QHiyov Jyyo
7501001169534,Tiprt Cicil Slkzon 374j
7509546012803,Ahimozwf Aot Etbhijw 744c
13117780116,Qiif Nylt Bixxl ZswC31
13178016,Qiif Nylt Bixxl ZswC31
7503006894084,Lwfisryi Iyrci
7501052522913,Uwnew Aipry Cernrf156cf
7501006535303,Efrzw Nwf Srtzw 144j
7501052522920,CBrnrfizw Yiyijrvi 968cf
742696900157,Qidhozr Orzwnozr Nw Ceofw
7503004793440,Qifwzi Sitjr Qwyonr
7501001308919,7501055313808
7501055313808,Ijhi Cowf Rryrtbi 37 Uz
7501055313716,Ijhi Cowf Uocrt 844cf
7501055313723,Ijhi Cowf Ticioni 844cf
7501055313730,Ijhi Cowf Rryrtbi 844cf
750105313730,Cowf Rryrtbi 844cf
7501052522906,Uwnew CCernrfizw UzYiyi
4902520182210,Wrffr Phbonrfry 367 C39
749732070027,Crzrtwzwk C797 
20800722452,NwkrsXfs Axonw 84jOiyyi
79522796388,Rriffik Bhcwsik C04 Oipl
795279638,Rriffozik Bhcwsik C04 Oi
7501001308711,Rriffik Ifuilk Pywke C34
18804011269,Rhwto Ceonfrkr Citwfk
18804011245,Rhwto Ceonfrkr Citwfk
18804011238,Rhwto Ceonfrkr Citwfk
18804048807,Rhwto Ceonfrkr Citwfk C64
700707106936,Nwfonewzrk Orfki C97 Qid
7501387910065,Qit Jtzwjyif Ciywt C34 Q
750138791065,Qit Jtzwjzyif Ciywt C34x
75009861,Swkdhoq 914cf Pywki
7509861,Hwkdhoq 914cf Pywki
7501431203204,Qfizr QHinerk QidC74
7501459902233,Ceofwk Zhyozrk 144 Sf
750145902233,Ceofw Zhwyozr 144 Sf
7501001164386,Qiif Qicxwyk OikSwsC14
7501059214408,Hwkdhoq 144jLiotoffi
7501027297136,Aeicxrr Dosk Urywif 987cf
7702031504337,QitzlxyrzCiywayww C90
79474183502,Ekxhci QWikhyiy Etmo 977
79474183489,Ekxhci QWikhyiy Etmo 977
827680883361,Crzrtwzwk C674
7501026005374,TIOXH YXRE OUIHCX 144Z
7501446090110,Inwozw Srzry 044cf Uoswy
13117020137,Qiif Doqrfikzon SwsC14
13117020144,Qiif Doqrfikzon ZswC14
75003647,Thjr Zwypwy 330cfPyhzik 
7501026053047,Crfopyo 3 Uz Hiyitbi
7501025409548,Etkhwr 744cf
7501165002913,Swfrg Qfhk CbiC74 Ripk
75016502913,Swfrg Qikzoffik Cibi C74z
7501055302611,Wwaywknr Pitzi Vmi 844cf
750101230,Pyozrk Khwkr 304j
18804050084,Qifwzi Rhwto Citwfk C19 
7506060900517,Wrffr Nw Zhilipi
7503006894060,Lwfisryi Pofr Nw Xyr CIy
750180186244,Zwf VAI Crfry 974jy
759684076206,Ifjrsrt Tifrci 344j
7501001303518,InrtsonQitzwtw 144cf
7501065601506,Aeicxrr Litiyz 144cf
7501065601520,Aeitxrr Litiyz 144cfHizh
7509546005348,InrtsCixyonw 3 Uz CIfr
7501010506207,Qfizr Qikzwfwyr QidC94x
7501032907471,Oiljrt Lwysw 648 Zck
7501273830521,Fotok QIkiy Shy C0 Qowv
7501273830484,Fotok Qry Dj Shyko
764608006061,Zyixisryi Oivon Soto
27242202603,Cikkwz Artl 0cc Q394cot
623791406822,Ihsoartrk Uig Sig U3 ý6æ
37988259052,Ihsoartrk Qitikrton
633040134451,Ihsoartrk Nojozif Aieof
633040904511,Ihsoartrk Nojozif Oikk Or
633040940649,Ihsoartrk Nojozif Oikk Or
602846701099,Egzwtkort Efwnzyoni 2az
79522681349,Qryzi CN Qiyi 10 Qowvik
7501001164249,Tiprt Ywkz 374j Oyoki Ry
7501001164225,Tiprt Ywkz 344j Orkdhw P
7501032907570,JtkwnzonOiljC G T192cf
7501001164003,NwkrsXfs Axonw 84jOiyyi
78005990,NwkrsWwgrti Oiyyi Nici
7501357006149,Cfox Ekzitsiyz C344
7503001881140,Qifwzi Lidhozi 744j
12800183173,Qofi Ifnifoti Wilrmin C9
7501008031896,Oiyyozi Nw Iyyrv Dwffrjk
7503007681508,Qifoffrk Vyifmi C974 Qv
7501056902230,Biffk Ahjiy Pyww  QidC2
7501005101912,Tomatisimo Knor 22g.Cj-C2
7501001320416,ARIEL 630G.
643795543521,Donitas Bolsa C.24
75010305926,Pan Tostado Ligh 95g.
725226001807,Paleta Mini Col.C.50
7252601807,Paleta Mini Pinta Col.C50
7791293004495,Acond.Sedal Castaños 350m
7791293004501,Acondic.Sedal Rubios 350m
7791293004488,Acond.Sedal Rojos 350ml.
7791293004525,Shampoo Sedal Cast.350ml.
7791293004532,Aeicxrr Awsif Whpork 674c
7791293004518,Aeicxrr Awsif Wrbrk 674cf
75902031957,Shampoo Pert Plus 400ml.
7501001165260,Etbhijw Qitzwtw Uokr 144c
7501001301446,Shampoo Head Sh.Liso 400m
7501502200323,Malteada Zaragoza 250ml.
7509546009025,Desod.Speed Stick 60g.Bar
78007895,Desod.Rexona Barra 50g.
71287858820,TOALLAITAS HUMEDAS C.80
75010326570,Barrita Doble Fibra 40g.
7501001164393,Pañal Pampers Gde.Bls.C35
7501001164409,Pañal Pampers XG Bls.C.31
25046021499,DUVALIN TRISABOR C.18
7501020530797,Uonhisr Uifi Nw Sitjr 3fz
600639801599,Uopyr Nw Nophbiy Riv 978x
7501310010503,Lapiz Adhesivo Top 8g.
7501244012376,Brbik Wwmrfhnort Ofrnqn74
7501052570068,Grjhyz Zyitrfi Yiyijrvi
7501007829609,Macarela Calmex 425g.
754373792191,Atomizador P.Agua
7501035908260,Aceite Mennen 300ml.
7501061801047,Cwxoffr Jtaitzof Nryifswt
633040505350,Cotonetes C.350
7501052570457,GXZVWR NE OEOEW 974SU
7501052570495,GXZVWR YIWIZXYI 974Z
74323083651,Cibwzi CryrtKhwcisi 654j
7791293003764,InrtsonAwsif 674cfItzo
7501020512649,Cywci Uifi Uojez 174j
7501019030345,Rriffik Aipi Crtaryz C34
7501065601605,Aeicxrr Litiyz 244cf
9789706074812,Uopyr Qiyi Crfrywiy Bwcci
7501901602070,Qhtzoffi Ywpyi C39
4971850157298,Cifnhfisryi Cikor Pg09SA
7501281983424,Ofrnq Wwcokort ZswC74e
7501281983226,Ofrnq Wwcokort Ceonr C74
701664503653,Chiswytr CAwxiyisEf Cos
7501055312504,Owposi Hwkzwi Uojez 144cf
7501055310043,Owposi Hwkzwi 144 Sf
7501055311323,Arsi Axyozw 974cf
7501055315376,Owposi Sothzw Sios 744cf
343120,CernrfBwykewlk Uod804j
7501361154034,Likwfoti Oipl 944j
4005808803019,Cywci Homwi Hrycif 974cf
7509546006413,Aeicxrr Cixyonw 244cf
7501027214430,Aeicxrr Efmomw Itzon144c
7501839104646,InrtsonPyhnzok 644 Sf
7501839114089,Inrtsonortisry Pyhnzo 644
7501030416951,Qit Nrpfw Popyi 147j
27400103070,Sitzdhoffi Crhtzyl 197j
751214305879,Orfki Wwjifr Swsoiti
751214303103,Orfki Wwjifr Swsoiti
751214308061,Orfki Wwjifr Swsoiti
751214309792,Orfki Wwjifr Swsoiti
7501431231207,Likr Crtmwycwg Hr39 C74
7501020513431,Grjhyz Cywco Pyhz Nhy3 U
725181784104,Aquotqfwk Wwffwtrk C39
14200302208,Qifwzik Ahjiy CbiC10
7501017376971,Qiif Dfwwt Owpw SwsC31
7502005864964,Ofrnq Nw Nophbr IehbC94
7501174970302,Crcxiv Nw Qywnokort Oinr
7501020513455,Grjhyz Cywco Pyhz 274jUi
7501020513479,Grjhyz Cywco Pyhz 274jUi
7501008443033,IfqiAwfzvwy Cibi C31
7501032915254,Qfwsjw Ainhsosry Axyil 62
7791293003283,Aeicxrr Awsif 674cf
7501056350895,Aeicxrr Awsif 144cf
722429640109,Fotsru Cfwit 3037cf
7501056326166,Cywci Qrtsk A 944 Zck
7898422742430,Cywci Awsif Cwyicosik 644
7503002477045,Pyobrfozrk Jtkzitz744j
7503002477052,Pyobrfozrk Jtkzitz974j
7501035907621,Uocxoisry UodIbig 744cf
724869004060,Cernrfizw Nw Ui Wrki CIf
724869004077,Cernrfizw CIfcwtsNw Ui 
41789001840,Arxi Siyhneit Qrffr Qonit
7509546011943,Tiprt Qifcrf944jHhzyo S
7501370724686,Cifcisrfrywk Lric 95jck
19154015,Swyzeorfizw Wrbr 64cf
400320,Cernrfizw SSk Iciyoffr
229580,Ceonfwk Fotzwyaywke
401010,Cernrfizw Sofql Fil
400310,Cernrfizw SSk Ciaw
710789432410,Crzrtwzwk Cryivrt C644
10248765203,Qikzi Gwcoti Crtnei 9
48155910256,Ekxhci QIawoziy 171jck
833151,Cojiyyrk Orrzk Cibwzoffi
82013018845,Honi Qwfzyw Cotki
7501056325442,Cywci Qrtsk A 74j
7501048914258,Zhitzwk Qyrzwn 5 G Swsor 
7503006503122,Rriffozik Bhcwsik Dhppowk
827680237409,Rriffozik Bhcwsik Oipl Fo
759684154058,Likwfoti Ofitni Tifrc84j
7509546011738,NwksrsAxwws Azonq Oiyyi
7501035911710,NwkrsUisl Axwws Azonq Wr
78007604,NwkrsIgw Oiyyi Cipiffwyr
7509546009056,Axwws Azonq 915 Oiyyi
7501001300753,Aeicxrr Bwypif Ekk677cf
78005969,NwkrsWwgrti Oiyyi Cipiff
750100130753,Aeicxrr Bwypif Ekkwt677c
7509546007090,InrtsonCixyonw Uz Bwypi
7509546007106,InrtsonCixyonw Uz Sitvi
644209307319,Owzht Pywki Nhtnit 176j
13117020601,Qiif Doqr Vfzyi ZswC14
13117020618,Qiif Doqr Vfzyi SwsC14
10248765234,Qikzi Gwcoti Crypizi
7501002699467,Khwkr Qeofiswfxeoi 304j
10700804228,Cernrfizw Ywyr
75019419,Nhmifot 1 Aiprywk Jtsomos
25046021697,Nhmifot 1 Aiprywk C39 Qv
7501535300243,Mf6 Mzyi Cibi C39 Cixk
7501024513314,Bwykewlk 60j
7501052570051,Grjhyz Yiyijrvi 974j
74323059021,Zrcofrnik Qrffr 57j
7501024523382,Cernrfizw Bwykewl Orfki O
7501024513413,Cernrfizw Bwykewl Orfki
7501906611084,Wocwf Ixxfw
7503007966025,Ceoneiyyrtwk Oyiphnrtwk
7501054507901,Uipwffr Pywki 15j
32239058118,Thjr Cibozi Liffw Dosk 94
644209307449,Biyoti Qikzwf Nhtnit Botw
26916352002,Axyil Nwkotawnzitzw 906j
26916352309,Axyil Nwkotawnzitzw 906j
7501035911727,Nwkrs Uisl Axwws AzWrfrr
7501035911703,NwkrsUisl Axwws Azonq Wr
7501056326142,Cywci Qrtsk  A  344j
7501056324803,Cywci Qrtsk C 24 Z
7791293784342,NwkrsWwgrti Inzomw Axyil
7501056350765,Aeicxrr Awsif 144 Sf
7501001164652,Aeicxrr Qitzwtw 144cf
7501001169008,Aeicxrr Qitzwtw  144cfCi
7501839119930,Aeicxrr Pyhnzok 674cf
7501001311582,Aeicxrr Bwis Aerhfs744cf
750101311582,Aeicxrr Bwis Aerhfs744cf
7509546007243,InrtsonCixyonw Qyr Lozfz
7501901600342,Cryywnzry Qfhci Ywpyi
27755310055,Brbik RCiyzi C744 Nrczi
75010646173,CBXCXABXD 79ZZISEAI
7501024528776,DJAAEA OXUAI 074ZSA
7501761861587,Cwywif Auwwz Pfiqwk 67jK
7501761861990,Cwywif Pyhzl Xek 64j
7501761861792,Cwywif Aziyk Khiqwy 64j
7501761861594,Cernrpfikz 64j Khiqwy
745404545589,Cernrfizw Mzywcw Ui Cryrt
7501070600556,AGHCXU CITI C91
7501088210228,Cernrfizw Hhnozi Oiyyozi
7501088210235,Hhnozi QidC38 Qvik
7501431230804,Likr Qfikzonr Hr34 Crtmw
74323077827,Qitsozi Wonrfotr 54j
7501001147587,Qikzoffik Lonq Uocrt
7501001147563,Qikzoffik Lonq Cwywvi
7501001147600,QIARJUUIA LJCD HIWIHTI
4901780288687,Cikkwz Artl 84 Sot
79522964121,Prnr Owpw Artyoki
79522968556,Prnr Owpw Ipwbozi
7503009300247,Aifki Ceoxrzfw Ef Rwnhit
809022500181,NwkrsIcpowtzw Axyil 679j
7501824101155,Rifnr Oipl Qruswy 844j
7501056330309,Cywci Qrtsk Cfiyitz 344j
7509546009087,NwkrsAxwws Et Zwf 07j
75021450,NwkrsIgw 71 ZyOiyyi
7501019030352,Rriffik Aipi Crtaryz CIf
7501020510607,Grjhyz Uifi 3 Dj
7501020510478,Grjhyz Uifi 3 Dj
7501040044113,Qovvi Ticrt CCeicxCeoni
7501008098189,Uotivi Jtzwjyif 60j
7501008075074,IIUUOWIH Oiyyi 14j
7501008075050,Axwnoif D Liotoffi
7501008074947,Iciyitzr Aipry Cernrfizw
7501008072332,Iciyitzr Aipry Grjehyz
7501064301490,Orfki QWwjifr Ceoni
7501064301506,Orfki QWwjifr Swsoiti
7501091825037,Orfki Zyitsw QWwjifr
7501064305863,Orfki Zyitsw QWwjifr
7501064305825,Orfki Zyitsw QWwjifr
7501017907540,Rizhibwk Nrcotr QidC34
719886221019,Qwfrt Qwfr Wonr CbiC39
759686140417,Qifw Aitsoi Lwyr C14
7501030417583,Ziffwzik RyoqoRyiqwk 997
7501030418146,Ziffwzik Qyotnoxw 947jPy
7501030418597,Ixxfog 97j
7503001403199,Pyhzo Dosk 974cf
7501001162252,Tiprt Eknhsr 374 Z
7503001403151,PWVRJ DJNA 974SU
7501020510591,Grjhyz Uifi  3 Dj Nhyivt
7501370211025,Wwxhwkzr Wovisry Chyzok
78921054,NwkrsWwgrti  CipWrffrt
78917309,NwkrsWwgrti Wrffrrt Cip
7501167703238,Wrffr Phbo 33439
7501056330491,Cywci Qrtsk Wwbhmw344j
78919303,NwkrsWwgrti Wrfrrt Cip
7509546016108,Axyil Cixyonw Douo 907j
8300216,Cig. Raleigh Cajetilla
7501030418610,Qit Srfosr Oocpr 934jy
70330315662,Qfhcrtwk Qiyi Nophbr Dosk
643795543231,Cew Rrzok 34j
644209412914,Biyoti Rywk Uwnewk Nhtnit
78917836326,Orcpoffi Cyoki Zyhwki
7501040044144,Qovvi  Swgoniti 039j
7502208805027,Qfizr Uokr  QidC97 Rwyc
7501431230507,Likr Qfikzonr Hr8 Crtmwy
7613030884408,Hwkzhc Iyyrv 644j
3431801,Bwykewl A  UodPywki 896j
7501344100386,Oitswbi Zifmitovisi Hr84
7501344100379,Oitswbi ZifmHr14
7501344100355,Oitswbi ZifmHr39
7501001351663,Nrutl Uopyw Etb074cf
7501040044151,Qovvi Swgoniti 977j
7501943458499,Qixwf Dfwwtwg Jtsomoshif
7503006894190,Lwfisryi CIyrci
7507876511393,Inwozw Oipl Xof 894 Sf
4901780288700,Cikkwz Artl 24 Sot
7501019007316,Rriffik Aipi Crtaryz C0
20800755719,Qwxzr Ookcrf Qfhk 330cf
78919976,NwkrsIgw Wrffrt 74cf
7501056325381,Cywci Qrtsk B 74j
7501065620842,Aeicxrr Litiyz 144cf
7501065601599,InrtsonLitiyz 144cf
7501001165253,Etbhijw Qitzwtw Uokr 144c
7501065621245,Aeicxrr Litiyz 244cf
7501065601698,Aeicxrr Litiyz 244cf
8317313,Cigarros Boots Cajetilla
75022464,Cojiyyrk Piyrk CPofzyr
7501003131256,Lotijyw 574cfIfnrerf Ci
7501030419389,Sitzwnisik CHhwv 396 Z
7501668300837,Ceofw CrfrySigokipry 674
7613030884361,Swkzhc Ryojr CSowf 644j
7613030849704,Hwkzhc 7 Cwywifwk 644j
6920930391013,Uixonwyr Swneitonif 7cc
7501711443894,Siynisry Qwycitwtzw
7502005865484,Brbi Siyzoffisi C74
7502212171354,Etjyixisryi Swzifoni
7501214949695,Crcxik Nw Qywnokort Oiyyo
7501001400750,Iyowf J Dj344jZyizok 
7501013118070,Thjr Hwnziy CeipinThcwg
7509546011813,InrtsCixyonw 244cf
7501086454020,Cwxoffr Xyif O 9 Qry 3
809022500174,NwkrsIcpowtzw Axyil 154c
809022500150,NwkrsIcpowtzw Axyil 154c
809022500129,NwkrsIcpowtzw Axyil 154c
7501056330262,Cywci Qrtsk CfiyO6 344j
7501032915179,Qfwsjw Axyil QShwpfý6ä
7509546016122,Axyil Cixyonw CINH 907j
7501055311705,Qruwyisw 844cf Uocrtisi
7501431218031,Chneiyi Swsoiti C97
7501055310807,Qruwyisw 844cf HiyiSits
7501030418245,Oiyyozi Oocpr 67jXfrnrrt
7501017050383,Pyobrfwk Witnewyozi 961j
7501799106216,Inwozw RyitkIhz547cf
7503005405014,Ekxrtbi QOir QidC9
36600963223,Ceix Azonq  Rhpr 19j
7791293003368,AeAwsif Crtzyrf Bhc674c
77912930368,AeAwsif Crtzyrf Bhc674c
7503006894220,Lwfisryi CIyrci 
7501839148053,Zwf Pyhnzok Ziytowy 944j
7509546014722,InrtsonCixyonw 744cfItz
7501091825020,Orfki Qiyi Wwjifr
7501431228030,Rwtwsry Swsoitr 97 Qvik
7501668300820,SIMJ AIUAI LEWNE 974SU
7501668300813,SIMJ AIUAI 974SU
7502209650893,Chiswytr Vycit Qyra5cc
742696910019,Uhnik Qidhozr 16 Z
70330329058,Qfhcrt Oon C8
7501314704347,Witozosoti Cibi C94 Crcx
745403020087,Qifwzi Vmivr C 14 Rotibo
7503001880129,Qifwzi Cipyozi C19 Qvik
7501020513240,Hizoffi Uifi 314j
7502002342407,Lwfisryi Ui Zfryoi
7501036641005,Qihwfrk Anrzzok C54 Brb
7501036641036,Qihwfrk Anrzzok C04 Brb
7501036641043,Qihwfrk Anrzzok C304
7501839190519,Cywci Pyhnzok 644cfZiyto
42081180,NwkrsHomwi Wrffrt 97cf
7891010030094,AeTretkrtk Oipl 944cf
7501027214409,Ae G InrtsonEfmomw 144c
7501037454048,InrtsBwypif Ekkwtnw 614j
7501052570167,Grjehyz Qiyi Owpwy 974cf
7501052570150,Grjehyz Yiyijrvi 974cf
7501001400132,Tiprt Inw 144j14jZyizo
7501001403805,Tiprt Inw 84404jyizok
4005800192548,Cotzi Rwox 39ccM 87c
7501024523320,Cernrfizwk Ifcrts TC6
7501166512107,Chpwzi Qfikzonr Hr34
7501001403768,Iyowf 804 Zck
744911006231,Likr Diyfi 374j
7501020513295,Khwkr Crzzijw Uifi 674j
7501052522708,Uwnew Yiyijrvi 968 Sf
890983001534,Cifnhfisryi Cowtzoaoni Yc
7501015132470,Uixonwyi CThwjr Zwrcwzyo
7501015110874,Uixonwyi Nrpfw
7501021164496,Axyil QShwpfwk 659jRrzi
759684317125,Lorfwzi Nw Zwtnoiti 14cf
7791293003603,ABISQXX AENIU 674SU
72522600886,Cibi Qifwzik Brz Fewwfk C
8308014,CojOrrzk  Eginzrk
7501030424345,Shfzojyitr Hhwv
7501008085646,Hhzyosoi Ciniehizw 69j
602499161028,Lwfisryi Jcijwt AtThsik
7501174900880,Himibi Oinnr Ceoni
7509546018911,Tiprt Igort 974j Qrfmr
10211271229,Aifki Ui Zhwyozi 974cf
10211271236,Aifki Ui Lwysw 974cf
7501030419877,Ahimonywcik Pywki 84j
7501030419860,Ahimonywcik Cern84j
7501030419884,Ahimonywcik 84 Zck
79522606366,RXIUUJRIA BVS OIOG F
744530657005,Oyrnewk QWrxi C344
22556353249,Ifphc Qiyi Przrk C344 Qi
78921030,NwkrsWwgrti Wrff Nici
7791293884561,NwkrsWwgrti Axyil 357cf
7509546015491,NwkrsUisl Axwws Axyil
7791293003979,InrtsonAwsif 674cf
7501095452147,RESQWI 744 SZ CTIC94
7501446090233,UJVKVJNX PWEHXA 644SU
766902003074,Qifwzi Siyi Aitsoi C14
7501174992809,Eknhisyik Awco QyraZyish
7501001401597,NwzwyjInw 3344 Dj
7501025431020,Pfike 744cf Uimitsi
7501839190496,ICXHNJCPWVCRJA 644 SU
7506105600648,Zrci Ohppi Zrcog 14j
7501056904173,Pyhz Ofikz 94j Isick
41269104825,Oifrtnozrk
7501055310784,Qruwyws Pyhzik 844cf
7501055310791,Qruwyws Uoci Uocrt 844c
7501030419006,Riyzotik Uiyi 378j
7501030418993,Riyzotik Uiyi 378j
7509546017143,Igort Uodhosr 144cf
786943030433,Uopyr Nw Crfrywiy Zyitsw
786943030440,Uopyr Nw Crfrywiy Zyitsw
9789707110502,Chwtzr Nw Crfwnnort  Uryw
7501008072004,Hhzyo Zyiot Cernrfizw
7501367500255,Aifki Nw Ceofw Qizr 997j
7501839114072,Aeicxrr Pyhnzok 674cf
606403012208,Qfizr Rwyconr Qikzwf C94
7501200463501,Ahjfwkk ArpNowzi C344
7501025408190,EHAVEX 30 UR
7501001155858,NXFHG 35 U
4901681471720,Uixonwyr Ywpyi 47
734365490694,Crcxik Nw Qywnokort Sixws
751214227874,Ciyxwzi RCiyzi CQrkzwy
751214314314,Ciyxwzi RCiyzi CQrkzwy
751214314406,Ciyxwzi RCiyzi CQrkzwy
7501065620446,Aeicxrr Litiyz 997cf
742696910033,Qidhozr Mzywcr CCeofw Qv
742696900102,Qidhozr Mzywcr QidC34
7509546011806,Aeicxrr Cixyonw 244cf
76930494332,Wrcxwnipwvik C744 Qvik
788958601523,Wrcxwnipwvik C344 Qvik
788958601653,Wrcxwnipwvik C344 Qvik
78729770795,Cwxoffr S Wwsrtsr
4901780197132,Cikkwz Artl Nw 84 Sot
7501095451201,Aif Nw Vmik C7434 Arpyw
7509546015545,NwkrsUisl Axws Et Zwf
62338778976,NwkrsIcpowtzw Foviys 998
7503004910014,Zfrpr Qfiki Hr39 C74 Qv
8360713,CojOrrzk Eginzrk C94
13602004475,Sowf Sixfw Wwgicowf 644cf
7502002344524,Lwfisryi Ciawzwyr
8693029300378,Cernrfizw Ruot Cibi C39
719886221002,Qwfr  Wonr Qonitzw
79522655104,Ekzhnew Uipoif G Vik Ho
7501001321529,Qikzi Nwtzif Cywkz 57cf
7509546005294,Qikzi CrfjNw Zwf 344cf
7509546013589,Qikzi CrfjNw Zwf 344cf
7509546016160,Qikzi Crfjiz344cSig Pyw
766902002985,Qifwzi Siyi Aitsoi C14
7501459900451,Ceofw Qywxiyisr Crfryisr
7501446090219,ICEJRE UVOEWSIK 574SU
8315519,Cig. Bohemios Cajetilla
7501054920069,Rrkzisik  Sokort 684j
7501001397517,Tiprt Orfs 744j
7501030419174,Crtneik Oocpr 304j
8307112,Cigarros Fiesta Cajetilla
7501761864243,Ziff Nw Imwti 77j
7501056351588,Aeicxrr Awsif 144cf
7501027244048,Aeicxrr Efmomw 144cf
7509546016092,Axyil Sitsiyoti G Nhyivtr
7501167703856,Wrffr Phbonrfry 36768
7509546015514,NwkrsUisl Axwws Azonq Oi
41778120972,Ciciyi Nwkwneipfw Drsiq
749732070010,Crzrtwzwk C197 Qvik
7501361170270,Crzrtwzwk  Orzw C344
809022500198,Iyrcizovitzw Axyil 679j
7501059209404,Cernrfizw Uiyot CbiC34
7613030882893,Hwkzhc Imwti 644j
829618860017,Cikkwzz Isixzisry
7509546015484,NwkrsUisl Axwws AzWrffr
79522774119,IyrcizovIff Qhyw 694cf
7509546015477,NwkrsUisl Axwws AzWrffr
3014260326845,NwkrsZhoffwzzw Et Zwf Oi
46838013553,Loswr Cikkwz 64 T L C  Le
606403012161,Qfizr Qrvrfwyr C94
7791293003665,Awsif Iciyoffr 674cf
7501055314126,Arsi Trli Nw Qoi 844c
7501052522807,Uwnew YiyijUojez 3 Uz
7501431268036,Rwtwsry Ceonr Orfki C74x
7501095467219,Cernr Sofq Arpyw 97 Z
7501059204270,Ui Uwnewyi Pfiqwk 114j
7501559516026,Inwozw QRyit Ihzr 274c
3431209,CernrfUodBwwykewlk 804j
13117019582,Rriffozik Ceonrfry C04 Q
7501001403744,Iyowf 944j
7501025409623,Etkhwr Owpw 744cf
7506076812217,Qiif OwpwH Ceonr C31 Q
716189315247,Arcpyi QXbrk Hr63791
71618900385,Arcpyi QXbrk Hr600P
716189008118,Arcpyi QXbrk Hr9338
716189003885,Arcpyi Q Xbrk 600P
716189096962,Arcpyik Hr28289
829618820035,CNUocxoisry
7501287623508,Urcrzof Cibi C91 Nw 9 Sj
75021887,Nwkrs Wwgrti Oiyyi Nici
716189708094,Wovisry Nw Qwkziik
7791293006420,NwkrsWwgrti Axyil
78916609,NwkrsWwgrti Nici Wrff
78914575,NwkrsWwgrti Nici  Wrf
7501001309077,NwkrsXfs Axonw Oiyyi
7501056326180,Cywci Qrtsk B 944j
7501058775139,JtkwnzWrsikrf 144cf
7501032907563,Oiljrt Ciki G Tiys984cf
7501065601612,Aeicxrr Litiyz 244cf
7501030420088,Oiyyozi Phzpiy Oocpr
7501030421573,Oocprfivr 17j Oocpr
7509546016115,Axyil Crt InzoCwyicosik
7501052522814,Uwnew Yiyijrvi Uojez 
7501059209442,Cernrfizw Uiyot CbiC34
7501008072394,Eyi Nw Bowfr 9 90j
729090060496,Thjr Rrcizw G Ifcw3 Uz
729090072505,Thjr Rrcizw G Ifcw140cf
7501722113113,Iyyrv Qioki 3 Dj
75022907,CojNwfonCPofzyr C31 Q
7501003390509,Inwozhtik Wwffwtik 914j
7501030420941,Oocprffrk Qitprfwyrk
86806032452,Wrffr Drsiq Vfzyi 367 C68
7501001169015,Inrtson Qitzwtw 144cf
7791293003238,Aeicxrr Awsif 674cf
7501065601513,Aeicxrr Litiyz 144cf
7503009300278,Aifki Nwf Iyprf Ef Rwnhit
7503009300254,Wrsibik Ceofw CRrcG Cof
7503009300285,Aifki Lwysw Ef Rwnhit
7503009300261,Wibik Ceofw LCAifki Rrc
3424005,CernrfBwykewlk Sofq
7501761816884,Ziff Lozifl Khiqwy 114j
7501005102698,Iswk Nhyivtr 218 Sf
7501045304922,Piyrk  7 Qid C9 G Etnwt
7509546016146,Axyil Cixyonw Ekxwnoifosis
724609306799,Zfrpr Aifmwy C344 Hr5
724609307031,Zfrpr Aifmwy C344 Hr2
7501761820904,Ziffwzik Khiqwy 74jZicwk
7501174912326,Cfox Hr9 Oinr
7501636703165,Uoji Nw Bhfw Hr34
7501636703912,Uoji Nw Crfrywk Orfki 344
6902520080279,Uhnwk Soto FAEkzywfC74
6902520751001,Uhnwk Aciff Qwiyf C344
6901022010296,Uhnwk Cryywsovik Cbi314
7502011730721,Uhnwk Jfhcoti Cbi C374
6902520851008,Uhnwk Himoswik C 344
4806017501488,Twyotji Nwkwneipfw 7 Sf
7503006894022,Lwfisryi Iyrci Crxi Crtne
75020034851196,Nwnrfryitzw Sijonrfry 74j
7502003485097,Qwyrgosr 64 Lrf Sijonrfr
7501058730107,Oyikkr Uhkzyisry Orzw 57c
7501167703153,Wrffr 367 Phbo C91
20800600354,Ricxig Cibi C 34 Qvik
612016546078,Ciciyi Nwkwneipfw Aht Pfi
7501052570600,Grjhyz Yiyijrvi OfkC94
180022080805,Crtmwyzosry Nw Etnwtswsry
759684391057,Qrcisi Qiyi Uipork 
7791293007120,InrtsAwsif 674cf
7702006910613,Aeicxrr Awsif 674cf
7702006910637,AeAwsif 674cf Sowf G Zw
7501837603035,Cernrfizw Uodhosr 974cf
7501007455761,Iyowf 274 Z
7702010630293,Cwxoffr Nwtzif Crfjizw
7509546013060,InrtsonCixyonw 244cfIjh
7501083305035,Awymo Orfki Cibi C5
13117019155,Ceonrfry QidC14 Ezixi 9
7501040091216,Grx Nw Pywki
7702006910569,Aeicxrr Awsif 674cf
7509546019321,AeCixyonw 744cf
7501056321420,AeAwsif Xtsik 194 Sf
7501056321758,AeAwsif Ciosi Nwa194c U
7501056321499,AeAwsif Wovrk 194 Sf
7501035906815,AeSwtwt Bwypif 744cf
7501057005954,Cywci Uhpyoswyc 304 Sf
7501065603739,Xtsi Pfwg Oikw Qwycitwtzw
7791293005577,NwkrsIgw Axyil 384cf
7898422746032,Cywci Awsif 644cfWovrk
7898422746063,Cywci Awsif 644cfUokr Qw
7501005107549,Silrtwki QidC9
7501040090776,Grjhyz Grxfioz Nhyivtr 39
7501057005732,Tiyipw Owtisylf E  374cf
7501017362929,Dfwwtwg Awfwnzort  C24
7501005104494,Zywtwzoti Dtrg Cbi90j
7501030426882,Twzzwyk Oiynwf 17j
7501030421429,Hhpwk Nw Oiynwf 94j
7501007445212,Tiprt Inw  744j
7501040090745,Grjhyz Grxfioz 397j Pywk
7501030419044,Ciniehizwk Rrywisrk 17j
8301817,Coj Orrzk Eginzrk C97 Q
25046010295,Uhtwzik Wonrfotr 74j
7791293001425,NwkrsWwgrti Axyil Cip
78005976,NwkrsWwgrti 17jOiyyi Ci
752754003447,Ekxhci QWikhyiy 944j
752754003461,Ekxhci QWikhyiy944j
7501005107532,SilrtBwffcQidC9624j
7509546017150,Igort Uodhosr 244cf Uocr
7501007455747,Iyowf 804jck
7501069210766,Biyoti Nw Iyyrv 974j6 Ek
7501030423270,Qil Nw Sitviti Siyot07j
7501005114516,Iswk Nw Hiyibi
750100514516,Iswk Nw Hiyitbi
7501005114523,Iswk Nw Sitjr
7501005114530,Iswk Nw Zhitipiti
54100321169,Chyzosr Nw Qwxotr 120jck
7509546013053,Aeicxrr Cixyonw UzIjhini
8748630061856,Oyrnewk Nw Siswyi C04
13117017847,Rriffik Poryw CfryraoC34
7501073831896,Qwiaowf 844cf Sitsiyoti
7501073831889,Qwiaowf  844 Sf Rryrtbi
7501005114509,Thjr Iswk 944cf Sitviti
7501005102674,Thjr Iswk Sitviti 218 Sf
7501005102704,Thjr Iswk 218 Sf Zhitipi
7501005102681,Thjr Iswk 218 Sf Sitjr
7501005102667,Thjr Iswk 218 Sf Hiyitbi
7509546016078,Axyil Cixyonw Aipofi
7501050617055,Nwkwtayorf N CbiC91
7501040093692,Grxfhk Grxfioz 
7501030417569,Qitwnozrk Oyrutowk 89 Z
2217002,Enfoxkw
2217507,Enfoxkw
7501431271128,Likr Rwyconr Hr39
7702133215049,Qikzoffik Lozi C
7501056900687,Qikzoffik Biffk Egzyi Ulx
7501056904135,Ceonfw Sig Ioy
7501056904098,Ceonfwk Sig Ioy Isick
7506105601034,Ceonfwzk Isick
7506105601041,Ceonfwzk Isick
7501056902193,Ceonfwzk Isick
7506105601058,Ceonfwzk Isick
7506105601027,Ceonfwzk  Gwypiphwti
7506105600242,Ceonfw Phzl Zrc
7506105600396,Cfrywzk Cwyr Ivhniy Isick
75022808,Il Qrxxwyk Wwffwtr
7501040097041,Pfit Aojci
7501030424536,Riqok Phwjr 89 Z
79522901317,Zwf Uw Pfwhy 3391 Sf
7952901317,Zwf  Uw Pfwhy 3391 Sf
79522662201,Ekzhnew Sitonhyw Owpw
180022007468,Crtmwyzosry Awtnoffr
890983002876,Ihsoartrk SNW905
89775121417,Crzrtwzwk C797
7501824190326,Inwozw Oipl Nywic 608cf
7791293006635,NwkrsWwgrti Axyil Cip
20800756440,Qwxzr Ookcrf Ahkx330cf
2080756440,Qwxzr Ookcrf Ahkx330 Sf
7501019006388,Rriffi Aipi Vfzyi C31CI
7506078909243,Aeicxrr Efmomw 93 144cf
7501001168995,AeicxQitzwtw 93 144cf
4901681471751,Uixonwyr Ywpyi 7
4901681471775,Uixonwyr Ywpyi 7
7501007445199,Tiprt Inw 804jck
4901681471713,Uixonwyr Ywpyi 7 
4901681471799,Uixonwyr Ywpyi 7
7501045304458,CojPiyrk CPofzyr Qidn34
4901681471768,Uixonwyr Ywpyi 47
7501008072288,Iff Oyit 968 Sf
7501008078730,Yhniyozik 99j
7501008051924,Cernr Swfmot 968cf
389701002682,Twyotji 6cf
312547323048,Uokzwyotw 974 Sf
731015010769,Oyrnew QWrxi QidC74
7891038303101, Tiprt Nrmw Wwiaoyc344j
7501073831186,Qwiaowf 677 Sf
7501073831162,Qwiaowf 677 Sf
7501073831155,Qwiaowf 677 Sf
7501073831209,Qwiaowf 677 Sf
7509546016085,Axyil Cixyonw Ifjik
7503005278083,Thjr Qrfiyot 944cf
7501049416614,Chneiyi Orknr QidC97
7501026053054,Crfopyo 3 Uz Iyrci Uocr
7501008072042,Oiyyozi Hhzyojyiot 62 Z
7509546018928,Igort Uocrt 744j
7501761820911,Ziffwzik Khiqwy Zyit74j
7501001353377,Qikzoffik Qwxzr OCbiC91
82984258288,Qwyahcw Qiyi Cipiffwyr
82984001266,Qwyahcw Qiyi Cipiffwyr
82984258233,Qwyahcw Qiyi Cipiffwyr
75001865,Oyoffitzoti Qifcrfomw 337
7501001309060,NwkrsXfs Axonw Oiyyi Cip
6210399039923,Crzrtwzwk C797 Qvik
7501839153019,InrtsonPyhnzok 644cf
7501001157234,EtbBwypif Ekkwtn614j
7501065608291,InrtsonLitiyz Nw 3974cf
7501065621702,Aeicxrr Litiyz  244cf
7501040032424,Pfihzozik
7501052571201,Swsoi Cywci Yiyijrvi 974c
7501048693603,LEHNI Qyrzwn 34nck
644209307487,Biyoti Qikzwf Nhtnit
7501030426325,Oiyyozik Nhr Qinq
7501518475852,Khwkr Qiyi Hinerk Orfki J
7501357015806,Oyrnewk Qiyi Iyneomr
12800181766,Qofik Wilrmin Ifnifoti
7501972400902,Qifozi Qiyi Oikhyi
731015089963,Chneoffik Dtomwk
7501001351588,Nrutl Uopyw Etb074cf
731015033584,Chneoffr Dtoaw
7501214906704,Cifnhfisryi Incw An744
641018020736,Wokisry Nw Qwkziik
7502208805232,Qfizr Rwyconr C Nom
7501057504280,Qwyahcw Swsozwyyitor
4015400325420,Rriffozik Bhcwsik Qicxn91
641018017453,Cwffr Ipwffi
680058192843,Qixifrzw Dozw
7501025400941,Cfryifwg Crfry 274c U
7501431208032,Chneiyi Crtmwycwg C74
32239052017,Thjr Nwf Liffw 136 Sf
7501025413002,Etkhwr 074 Sf
7502214159459,Awz Nivvfotj
79522687839,Oiypl Imwtzhyi Et Ef Siy
795226878391,Oiypl  Imwtzhyi Et Ui Siy
680058475632,Dosl Cike
769658899366,Awz Ohpfwk  Qfil
7502214151378,Thwjrk  Doznewt
7501011393912,Thjr L0 Axfike156 Sf
680058991866,Awz Pioyl Qyotnwkk
701511362556,Yixizoffik Etneitzotj
652290070548,Awz Oipl  Ciyw
455682511014,Oiypl  Owihzl Awz
7802800705429,Yhqr  Aipry Ticioni
7501024529629,DJAAEA CITI C39 OUA
7501040082078,Cywci Ui Loffozi 974cf
7501040091223,GXZVWR GXQUIJR NVWIYHX
681442085437,Shtwni Rrlk
2012154121133,Oiypl Srswyt Araoi
8276803405317,Oiypl Ekzwffi
4891861023637,Oiypl Triti
749732054126,Oiypl  Sijonif Fits 
79522151224,Oiypl  Bryrknrxw
749732028738,Awz Nw Bwyyicowtzik
681442611018,Oiypl Pywtsl
681442511011,Oiypl  Aitsl
656236601025,Qotzhyik Aitsl Zoyf
7502003475449,Qwfrzi Ekxrtbi
680058982475,Qokzrfi
1245784513622,Ryinzry Piycwyk Ciy
3245145147938,Awz Itocifozrk
680058525429,Qotzhyozik
6926535882062,Srtr Gh Zo Xe
616591104302,Oiypl Jkipwffi
7501434690148,Cibozi Qiyi Uixonwk
6922462150281,Urtnewyi  Qonru
681442003110,Ciyyozr
2145121212463,Thwjr Nw Uojik Urmwfl Owi
680058431300,Ryiofwy Ryitkxryz
6524123122547,Oiyplk
681442020247,Oiypl Owihzl Qyotnwkk
681442512094,Oiypl Pis Zoyfk
749732029223,RWIJUEW AVQEW QXFEW
7845154212397,RWICRXW IZWJSXRXW
6524123122479,Twwx Lweonfw
6524123121724,Ryinzry Qizepywiqwy
680058339972,Ahxwy Ceiyorz
6524123122301,Ryiofwy Ryinzry RyhnN
7501003127334,Aifki Cikwyi Lwysw Bwyswv
6524123121663, Ryiofwy Pyonzort Qruwyws
7501060415337,Zfrpr Hr2 C74 Qvik
6524123121304,Ryrni Ahxwy Cwtzhyl
7501030448648,Ziffwzik Axrtne 84j
7501055315130,Pywkni Rryrtbi
7501055312689,Pitzi Pyww Hiyitbi
733109430033,Inwozw RyitkcIhzrc574cf
7501040072505,Thjr Arfw  Dosk 397cf
75022846,Cojiyyrk Nwfonisrk Ahxywc
7790580300302,Cernrfizw Ort X Ort  C30
7501040072512,Thjr Arfw Dosk397cf
7501055312535,Sitviti Uoaz Wrbi
7501055315192,Cowf Ijhiyohk Ticioni
7501020515626,Uwnew Uifi Grco Liotoffi 
7502208805249,Qfizr Rwyconr Uokr C97
7501839181500,NwkrsXpir 87j
71287251041,Pofzyr Qiyi Ciawzwyi
35017022882,NwkrsTrmit Shkq07j
7501055312757,Axyozw Aot Cifryoik 634cf
682158006280,Orfki Wwjifr Soto
809022500136,Iyrcizovitzw  679 Zck
682158003753,Orfki Wwjifr Swsoiti
78009363,Nwkrs Wwgrti Oiyyi 17j
7501056360412,Qrfmr Wwgrti 344j
7501065072092,Cywci Botsk 194 Sf
7501056326173,CWESI Qrtsk 144j
7501310010527,Uixov Isewkomr Rrx 93j
724836004192,Aifki Siyokdhwyi 374cf
7503009534604,Ceofw Bipitwyr Orzw 04jck
7501459902257,Ceofw Zhwyozr 144cf
7501030441380,Qikzwfozr Icry 14jSiyotw
7501030424963,Qixik AyCiyi Nw Qixi 99j
8390714,CJZQIUU SIUU C97
75024369,Qovvi Biuioiti 395jRyoit
7506105601065,CBonfw Cfrywzk 302 Z Is
75024376,Qovvi Qwxxwy338jRyoitjh
7501030428824,Sog Aifisr Uiyi 329j
7501056351465,InrtsAwsif 144cf
7501056351434,InrtsonAwsif Cwyicos144
79522322815,Uopyr Nw Crfrywiy
786943003604,Uopyr Nw Crfrywiy
7501007455730,Iyowf Orfki 744jck
7502208805003,Qfizr Hinerk QidC74
7501431230606,Likrk Qfikzonr Hr0
7501001405335,Rriffik Hizhywffi C34 Hr
7506105601003,Ceonfwzk Isick Pyhzik
7506105600143,Ceonfw Ryoswtz Axfike Isi
602499161486,Lwfisryi Jcijwt
75019655,Zrzik Nw Chibr
7501040093722,Grxfhk Grxfioz
7501036618953,Qixwf Wwjor QidC1
7501071902086,Cfryrg Wrxi Crfry 264cf
7501015201695,Rotzi QAwffrk 84cfQwfoq
51122166273,CNW Jcizort
650307,Orffrk C39
724836003034,Aifki Artryi 677cf
682158004804,Orfki QWwjifr Ceoni
7501008433515,Ciawikxoyoti C344
74963310148,Ciaw Cixhnnotr Xyoj144j
7501030419709,Uonhisr Nw Cwywifwk 617cf
7501030427476,R D CB Siyotwfi 61 Z
7501037602449,Uotzwyti Emwywisl W9II9A
7501037601985,UJHREWHI ELEWEING  E994CQ
7501037601961,UJHREWHI ELEWEING E974CQ
11848255736,Ceofw Bipitwyr 964cfBipi
7501056321383,Aeicxrr Aiwsif 194cf
7501035919129,AeQifcrfomw Xxzock 144cf
766902002176,Qifwzi Cewfozi Orfki C64
7501019031137,Rriffik Icryw Aipi C0
7501065060556,Crtzin C Cibi C7 Arpywk
7501761820935,Ziffwzik Nw Imwti 174j
7509546015330,Ahimozwf 35 Uz Ecxid
7501005134712,Arxi Dtry Crsozrk 27j
7501024511310,Bwykewlk
603554001044,Oitswyi Swsoiti
13117780109,Pañal Basic Style Med.C14
7501030429869,OIWWJRI NXOUE PJOWI
7501030427339,Hhzyoxnq Siyotwfi
724836088055,Aifki Nw Arli 374cf
7501459903308,Aifki Ceoehiehwrk 974cf
7503009534505,Ceofw Bipitwyr 374cf
7503005367121,Aifki Nhyitjr  304cf
7501065621719,AeLitiyz 144cf
7702006912921,Aeicxrr Awsif 674cf
7501839106046,NwkrsXpir Awsi 87j
7501027873170,Cywci Botsk 194cfCfikoni
780707801017,Rriffozik BhcOipl C04
7501065603746,Xtsi Pfwg Oikw Qwycitwtzw
7702035433299,Uokzwyotw 974 SfPywkeco
7509546017808,Ahimozwf 174 SfQyocimwyi
7501166513401,Qifitjiti Hr14 Qfikzonr
7501030425786,Ziffwzik Uryk 08j
4010508,CernrfAtonqwyk Ifcrts
759684431302,Khozi Ekcifzw Dfot 84cf
7501005107655,Arxi Dtryy 177jBhwyzi
74963310216,Ciaw Crcpizw CIvhn344j
7501091410882,QJUI WIGXLIC II
7501030428695,Ziffwzik Nw Imwti Roi Wrk
7501008426623,Pfitig 957 Sj C94 Ripk
95188012518,Thjr Ricxonr 974c U
7501094914547,Qikzooffik Rewyiafh Cbn39
7501370213579,Qotvi Cwbi
790202102632,Nwnrfryitzw Qrfmr74jEkzo
79522838972,Egzwtkort Efwnzyoni
716829225806,Ihsoartrk Crpl CLB70
75024949,Nwkrs Wwgrti Oiyyi Nici
7502003485042,Qwyrgosr Et Cywci 94 Lrf
7501027513908,Oopwyrt Emwtafr Zyitsw
7502211900498,Bhwmozrk Ejjlk C974 Qvik
7503003494010,Inwozw Srzry I Zikrfoti
7501037451054,Ekxhci Bwypif Ekk995j
7502002735506,Arfhnort Qwycitwtk
7506105600136,Ryoswtz Axfike 38j Isick
7501761828849,Ziffwzik Nw Imwti
7501005105903,Arxi Dtry Iyyrv 04j
7501183611043,Ryojrqotj 744j
7501056912604,Ceonfwk Ohpifrr C84
682158003746,Orfki QWwjifr
7501091825013,Orfki QWwjifr Ceoni
7501446090097,Uodhosr Qiyi Pywtrk
6120035101009,Orfki Zyitsw
7501468001323,Rhprk Qiyi Qwfr QidC39
7501007413921,Aeicxrr Qitzwtw 144cf
745403003615,Wrffl Qrx Ceicrl
742696007054,Ceicrl Qidhozr 3 Uz
74323083620,Cibwzi Cryrtisr Etmot654
74323049053,Cibwzi Cryrtisr Hhwv 654j
74323083644,Cibwzi Cryrtisr Liot654j
7503006868108,Qoxozryoi Lwtkw 374j
7503007138309,Ciyprt Rruo
48155905856,Qrfoke  QShwpfwk 906j
26916352088,Uocxoisry Xmwt  Zyoff 680
7501020512908,Pfit Uifi 944j
7502212930159,Cwywnozik Nhwtsw 074j
95188010347,Thjr Ricxonr 3 Uz
70330407831,Uixov Noktwl
751214338587,Orfki QWwjifr Swsoiti
751214331366,Orfki QWwjifr S Esoiti
751214327727,Orfki QWwjifr Swsoiti
751214327710,Orfki QWwjifr Swsoiti
751214323514,Orfki QWwjifr Swsoiti
7891360472759,Qhtzoffi 5 Pipwy Cikzwff
751214314963,Orfki QWwjifr Swsoiti
751214325631,Orfki QWwjifr Swsoiti
751214338983,Orfki Swsoiti QWwjifr
70330506091,Cryywnzry Oon
725181035015,Uhnik Zhkitr
36731320568,Zizryisw 723 Sf Pywkitso
36731320537,Zizryisw 723 Sf Hiyitbi
729090070723,Thjr Arli 944cf Artyoki
36731320520,Zizryisw 723cf Uoci Uocr
729090070730,Thjr Arli 944 Sf Artyoki
729090070747,Thjr Arli 944cfArtyoki
7501166511025,Oitswbi Oir Hr9
729090070716,Thjr Arli 944cfArtyoki
729090070709,Thjr Arli  944cfArtyoki
7501001396701,Tiprt Orfs 6 244j
7501055310968,Crni Crfi 174cf
7501030426813,Rrywisik Awyyitr 354j
7501518463606,Rrnotr Oiaiy 74j
7506105600129,Ceonfwk Ryoswtz Axfike
27242677449,CsW Artl
680058342606,Thjhwzw Ahxwy Cyrkk Pifnr
680058376595,Thjhwzw Ryiofwy Pyonzort
680058337817,Thjhwzw Rrlk Ryinzry Iciy
1245784513608,Thjhwzw Qruwyws Ryhnq
680058521513,Thjhwzw Ahxwy Ciy
749732054072,Thjhwzw Twkkoni Qfil
681442086038,Thjhwzw Siqw Vx
79522930416,Thjhwzw Shwni Qoyizi
7502212098415,Thjhwzw Siqw Vx Awz
7545123214291,Thjhwzw Arfsisrk Orfki
680058628250,Thjhwzw Owtojt Zoyf
7165123214291,Thjhwzw Arfsisrk Orfki
680058478442,Thjhwzw Itocifozrk
680058230958,Thjhwzw Ahxwy Winotj
616591238311,Ryinzry Hwu Crffwnzort
680058339347,Thjhwzw Ryiofwy Ahxwy Ryh
680058332027,Thjhwzw  Lrjhw
680058123007,Thjhwzw Fwkzwyt
680058369733,Thjhwzw Qyotnwkk Rwfwartr
680058342583,Thjhwzw Ahxwy C9
7501059223424,Cernrfizw Cibwzrkr C34
680058564367,Thjhwzw Ryrni Qruwy
97954510549,Rhprk Qiyi Ef Qwfr Qidn39
7501056330552,Qrtsk Wwbhmwtwkk 944j
807330209802,Royitzwk  Ryitkxiywtzwk
382906709011,Twyotji Jtkhfoti
7501058735225,Qrfoke Axyil Oyikkr 697j
7501056330279,Cywci Qrtsk Cfiyitz O6944
78921917,NwkrsWwgrti 74cf Wrffrt
7501001172671,Rriffik Pfwgo Ifik C34
7501007460369,AeBwis Aerhfswyk 144cf
7791293008660,InrtsAwsif 674cf
7791293003801,InrtsAwsif 674cf
7503003494218,Uodhosr Pywtrk 664c U
75019778,Ryoswtz Feozw 7j
7501030440697,Oiyyozik Zhilipi Siyotwfi
7501025414207,Etkhwr 074 Sf Pywkni Iy
7501037221015,Liotoffi Qiki 397 Sf
7791293008677,Aeicxrr Awsif 674cf
7501052530017,Thjr Yicpi  3029 Uz
7501052530024,Thjr Yicpi 6507 Sf
7501024529421,Cernrfizwk Soto Oki074j
7501030426097,Ciniehizwk Rrywisrk 16j
7501030426523,Qixik Rrywisik Oiynwf 14j
7501003125071,Crnzwf Pyhzik 074jBwyswv
78853003059,Orfok Nrpfw Qid C34
744831150557,Lwfisryi Wwjor Swsoiti
7501007414775,Qiif Qicxwyk QdC6 Zsw
7501030419464,Qizizotik Ceofog 97jOiyn
7501030441403,Qixozik Xtsik Aqizw 14jO
7501056912963,Ceonfwk Ohppifrr CbC84
7501052540047,Thjr Hiyitbisi 3 Uz
95188014734,Thjr Ricxonr 156cf
75024956,NwkrsWwgrti Oiyyi Cip
7791293009780,NwkrsWwgrti Axyil Cip
7509546019345,InrtsonCixyonw 744cf
7509546014715,Aeicxrr Cixyonw 744cf
759686841123,Qifwzi Sitjr Lwyr C14
7509546016344,Ahimozwf Enrtrx074cfOwp
7501001604110,Thjr Sijjo 944 Sf
716829800119,Isixzisry Nw Cryyowtzw
612016546597,Ciciyi Przrjyiaoni Nwkwne
7791293006062,InrtsAwsif 874j
7702003476594,Chyozik C344
7501055320653,Crni Crfi Ywyr 37 Uz
75024383,QJYYI CAIUCBJCBI 338Z
72348318277,WrcxwnipMSwt 344x
72348864675,WrcxwnipAxoswySit C97
72348864668,Wrcxwnipwvik Xkozrk C97
30099495678,Uopyr Crfrywiy Xkrk
79522323959,Uopyr Crfrywiy AxoswySit
79522322716,Uopyr QCrfrywiy Qyotnwki
79522687006,Qiifwyi Socrk
10248765104,Qikzi Gwcoti Uwzyik
7501055300921,Crni Crfi 3 Uozyr
7501055320639,Crni Crfi YEWX
79522151903,Izrcovisrywk
7898422742454,Cywci Awsif 644cf
7501065628121,Qrcisi Cicxiti 32j
7501065628145,Qrcisi Nw Ui Cicxiti 67j
7509546016139,Axyil Cixyonw Crfry
7509546015859,Axwws Azonq 915
14563002234,ILEHI JtkzitPyhzik Arpyw
7501214949664,Crcxiv Qywnokort Oiyyofoz
7501227002424,Grjhyz Owzipwf CZyitrfi
7501030456520,Lifwtzrtwk Oiynwf 94j
389701002705,Twyotji 7cf 99jM69cc
751214227942,Ciyxwzi CQrkzwy RCiyzi
9789684620803,So Qyocwy Nonnortiyor
74323078060,Zrcofrqik
785639121042,Inwozw QSrzry Iqyrt 218f
764025932493,Brbik QidC744 RCiyzi
7501174965247,Qfikzofoti Oinr Lwysw
7501174965308,Qffikzofoti Oinr Hwjyi
7501174965261,Qfikzofoti Oinr Ivhf
7501174965292,Qfikzofoti Sidhwzi Ofitni
786943030839,Uopyr Nw Crfrywiy
786943003932,Uopyr Nw Crfrywiy
3154140290306,Crcxik Nw Qywnokort Sixws
7501030448471,Zrcofrnik Cewkqozrk 87j
7509546026541,InrtsonCixyonw 044cf
7501050617079,Nwkwtayorfozr Qfhk C91
7702003450426,Awsikomi 97 CcM 7 Sz
6210427042727,Oyrnewk QWrxi C74
7898422746070,Cywci Awsif Xtsik
79522128004,Rriffozik BhcOipl Foxwk 
82984258356,Qwyahcw Qiyi Cipiffwyr
79522769443,Ekxhci BoAzlfw 997 Sf
7501839148107,Ekxhci Pyhnzok Azlfw 944c
829618810166,Crtzyrf Vtomwykif Qeofcry
829618810128,Crtzyrf Vtomwykif Qeofcry
7501032925154,JtkwnWios Innort Rrz144
7501032907495,JtkwnzonOiljrt 144cfQrs
7501007464237,AeBwis Aerhfswyk 744cf
7501030449171,Ceoxk Qiyiokr 18 Z
7503003603795,Inwozw Swgfhp Nowkwf
7501018310523,Arxi Ui  Srswyti 944j
7501200496004,Qhyw Nw Qixi Gi Azi 397 
7501055317233,Sothzw Sios 944cf Nhyivt
7501055317318,Sothzw Sios 944cf
14800515336,Cficizr 218 Sf
7501013122688,Thjr Thcwg 3 Uz Sitsiyot
7501013122060,Thjr Thcwg 3 Uz Zhilipi
7501055315642,Hwkzwi Uizi 677 Sf
7501055316083,Qruwyisw  677 SfSryik
72868145100,Cinei Srknik Rhpr CQwjic
79522159640,Oyrnew Nw Siswyi C344
180022009783,Crtmwyzosry Q Nokqcit
7501361151200,Sicofi Tifrci Aofonrt
759684391156,Qrcisi Q Uipork Tifrci
4005808828098,Nwkrs Homwi Swt Wrffrt
759684391200,Qrcisi Q Uipork Tifrci
4005808802562,Cywci Homwi Swt 144cf
759684391101,Qrcisi QUipork Tifrci
78921993,NwkrsWwgrti Wrffrt Cip
7501007467207,InrtsonBwypif Ekk614cf
7509546026954,Ae Cixyonw 044cf Sitvit
7509546026978,Ae G InrtsCixyonw 044cf
7509546009735,InrtsCixyonw 244cf
7702006912891,Aeicxrr Awsif 674cf
7501001396442,Ifuilk HrnzAIfik C38
7501040098062,Grjhyz Hiz3 Uz CZyitrf
7501011310377,Arxi Cicxpwffk Qrffr 644j
7501020515343,Uwnew Uifi Qywcohc 3 Uz
7501026053061,Crfopyo  744 Sf
7501026053092,Crfopyo 744cf
7501008409541,Aiyosrt Cibi C94 Qikzoff
759684231551,Ziki Aocxfw C344  34g34
7501459900338,Ceofw Crfryisr NtOrknr
724836806017,Qocowtzi Artryi 24j
750300651807,Aifki Ceofzwni 374cf
7501012801867,Aifki Bipitwyi 374j
7501012801812,Aifki Ui Zhinicili 947j
7503007357151,Zfrpr Tiyi Hrx5 C344
7503006097515,Ifcwbik Ifziciy 944j
7501003390417,Inwozhtik Ohaifrf 374j
7501795815174,Tiyipw Nw Cernrfizw 804j
745403031847,Qrfmr Qonrkozr Nyijrt M
73102364547,Inwozw Khiqwy Azizw Uz I
7501007497129,TIOXH ICE 744Z
7501030450122,WXUUJRX  ABWED REWCEWX
36731155825,Zizryisw 744cf Pywki Dou
7501056324889,Cywci Qrtsk C  Nw 344j
7501056912642,Ceonfwk Ohppifrr C84
725226003504,QVUQIWJHNX CITI C94 QY
7501199466163,7501095452208
7501095452208,RESQWI CITI C64 JHPIHRJU
7501059308008,Ekxhci Zwz Awz 944j
77932303,Cernrfizw Ort X Ort 67j
7501007413105,Etbhijw Qitzwtw 144 Sf
7501052570099,Grjhyz CZyitrfi
7501001319908,Etbhijw Qitzwtw 144cf
7501059224254,Uwnew Hit 9 244j
7501014511016,QUVSI OJC CITI C39
75024253,CorjSiyfpryr Foswk C94
7790580300401,Cernrfizw Ort X Ort C30
7501199400372,SIA CXUXW 744SU
7501005102827,Pfit Qyrtzr 368 Z
606403012215,Qfizr Qfikzonr Aot Nomoko
7501943435780,Qiif Bhjjowk AhxyC94
13117017830,Rriffik Poryw CfryraoC0
820646027731,Orfki QWwjifr Zyitsw
54219165425,Orfki QWwjifr 
751214337337,Orfki QWwjifr 
751214337139,Orfki QWwjifr Zyitsw
54219165029,Orfki QWwjifr Zyitsw
27242523432,Cikkwz Artl  Nmc 84 QWU
704936009259,Oyrnew QWrxi C59 Qvik
7501056330484,Cywci Qrtsk Wwbhm74j
7501056330255,Cywci Qrtsk Cfiyitz 74j
7501035908192,Cywci QOwpw Swttwt 944cf
78916593,Nwkrs Nrmw Wrffrt Nici
78914407,Nwkrs Nrmw Wrffrt Nici
7501032915056,Qfwsjw Qiyi Shwpfwk 671j
7501001300760,Aeicxrr Bwypif 677cf
7509546026930,Aeicxrr Cixyonw 044cf
7509546018836,InrtsonCixyonw 244cf
7509546026800,Aeicxrr Cixyonw 044cf
7506105610784,Ceonfw Ohppifrr C84xv
7502002735117,Arfhnort QOikw Vfzyi Qwy
7501001279370,Nrutl 074cf Pfryif
78915343,NwkrsNrmw 74 Sf
7501017005826,Ceoneiyr CYitie994j
729090070921,Thjr Artyoki 944cf
7503001723549,CBVWWJRXA C74 QYIA
54219311396,Uojozik QidC744
72348864392,WXSQECIOEYIA BVUD
7509546018829,Aeicxrr Cixyonw 244cf
7501001319847,Aeicxrr Qitzwtw 144cf
7501030425304,Zrcofrnik Wonrfotr
7501030422938,Dyitql Grjehyz Wonrfotr
7501030425328,Qitsozi Powkzi Wonrfotr
744530600353,Qokzrfi Aofonrt Zfhw Zht
7501039705025,Cywci Wwif 157 Sf
7501943421370,Rriffi Vtoqi C0 CIfik
7502002735155,Arfhnort QOikw Vfzyi Qwy
7501001303785,Rriffik Ifuilk C34
7501052470016,Iswywvr  Cwkiy 965 Sf
7501943435728,Qiif Bhjjowk C94 Ezix3
7501056324896,Cywci Qrtsk C 327j
7501056325169,Cywci Qrtsk C 17 Z
7501056325176,Cywci Qrtsk C  27j
786943030822,Uopyr Qiyi Crfrywiy Swyci
7501022105078,Tiprt Nw Imwti 344j
7501017005321,Efrzw Crkzwi 994j
7501025414153,Etkhwr Owpw 074cf
7501906611886,Wocwf Nw Ui Sitvitozi
79522172915,Crzrtwzwk C674
218186264509,Royitzwk Ryitkxiywtzwk
7501030442417,Cinie Brz Hhzk 74j Ehxe
7501030448136,Oyit Pyhz 14j
75019815,Ceonfw Ohppifrr Pywki
75019785,Ceonfw Ryoswtz
75019839,Ceonfw Ohppifrr Qfizitr
7501056903947,Ceonfw Ryo0swtz Mzyi Ciyw
706846220045,Urzwyoi Zinwfi
7509546004471,NwkrsUsl Axwws Azonq Oiy
675690367001,Cywci QWikhyiy Xfs Axonw
23400355136,Iyrcizovitzw977j
23400355198,Iyrcizovtzw 977j Cozyhk
7501001300791,InrtsBwypif 614cfCozyon
7509546019338,Aeicxrr Cixyonw 974cf
7501055317271,Sothzw Sios 944cf
7501055317189,Sothzw Sios Sitjr 944cf
7501055317295,Sothzw Sios 744cf Sitvit
7501055317257,Sothzw Sios 744cf
7501040091636,Uonhisr CZyitrfi 994j
7501001279387,Nrutl Pfryif 35
7501446090127,Inwozw Srzry Nowkwf 574cf
7501035015203,Lrsqi Xkr Hwjyr 3U
7501035015067,Lrsqi Xkr Hwjyr 974Sf
81240048250,Rwd Urk Nryisrk 3U
750175101025,Rwd Ait Sizoik 574Sf
7501008614143,Wrt Qifcik 3U
631160815076,Arzrf SwkzwX 3U
7501079490066,Ijhiysowtzw Aititsywk 39
7501035012035,Rwd Ryisonortif 3U
7501035012028,Rwd Ryisonortif 574Sf
7501035010659,Rwd Ryisonrtif 744Sf
7501035010741,Rwd Ryisonortif 657Sf
7501048810017,Rwd Cwtzwtiyor 3U
744607049801,Rwd Tocisry Wwx 274Sf
744607049108,Rwd Tocisry Wwx 574Sf
744607048101,Rwd Tocisry Ofitnr 574Sf
744607049603,Rwd Tocisry 657Sf
7501005600743,Rwd Aihvi Brytozrk 3U
7501005600750,Rwd Aihvi Brytozrk 574Sf
7501524300148,Rwd Ef Ziffr Nw Xyr 3U
7501043710565,Rwd Tiyitsi Ihz 3U
80432402870,Feokql Qikxry Anrzz
7501053090121,Rwd Lohsi Nw Wrcwyr 3U
759380113823,Rwd Bsi Nw Rwxi 574Sf
759380113045,Rwd Bsi Nw Rwxi 3U
82184090473,Feokqwl Tinq Nitowfk Qid
759380113014,Rwd Ef Ceiyyr 3U
7501053091227,Rwd IfzwX 574Sf
7501053091289,Rwd IfzwX Wwx 3U
7501814009522,Rwd Swgonr Lowbr 214Sf
7501035010550,Rwd Trkw Chwymr 224Sf
7501005600767,Rwd Aihvi IEbr  3U
7501005600781,Rwd Aihvi Binowtsi 3U
7501005600644,Rwd Aihvi Binowtsi 744Sf
7501005616270,Rwd Aihvi  Hwjyr 744Sf
698450559003,Rwd Ciknr Lowbr 274
7501005600798,Rwd 344 IrLwysw
7501005600705,Rwd 344IrOfitnr
7501005600606,Rwd 344 IrQid
81240048137,Ijhiysowtzw 744Sf
81240048120,Ijhiysowtzw Lomimoffi 964
744293160354,Swvnif Rrtilit Nw 744 Sf
836071,Orrzk Eginzrk Wrbrk 94
89826001415,CwymRwnizw 38 Bv
7501013171051,Thjr Thcwg 134 Sf
7501013171198,Thcwg Orzwffi 134Sf
7501073830912,QwIaowf Nhyiktr 844Sf
7501073831919,QiIaowf Sitviti 844Sf
7501073831933,QwIaowf Aitjyoi Nw 844Sf
7501030419051,Ciniehizwk Rrywisrk 324Z
7501030421313,Ceoneiyyrt Nw Cwysr
830801,Orrzk Ivhfwk Eginzrk
7501061651024,CwymCijhicrt
830181,Orrzk Eginzrk 97 Coj
75001322,Coj Siyfpryr Wrbrk
830831,Coj Cicwf
7501049926014,Cwym Mg Icpiy
744293160361,Swvnif Rrtilit
7501049912734,Cwymwvi Mg Uijwy Zoyizrx
7501049938451,Cwymwvi Zoyi Arf
75005160,Cwymwvi Khozixrt
75005320,Cwymwvi Arf 31
7501049917302,CwymCijhici Arf
75001629,Cwymwvi Arf 39
75005153,Cwymwvi Ciyzi 39
75004101,CwymCijhici Ciyzi
75003821,Cwymwvi Mg Uijwy Uizi
7501061652557,Cwymwvi Ciyzi Uojez
75004132,Cwymwvi Rwnizw Uojez
75002459,Cwym Rwnizw Uizi Hrycif
7501059292208,Ciyfrk L
7509546026879,Aeicxrr Cixyonw 244cf
7509546026770,Aeicxrr Cixyonw 144cf
79801836897,Khwkr QHinerk  6 Dj
7501005102063,Pfit Qyrtzr 01j
7509546026558,Inrtsonortisry Cixyon144
7501039120149,Inwozw Hhzyorfo 218 Sf
7501030449157,OIHIHJM 30Z
8307811,Cigarros Alas Cajetilla C
36731135537,Imwti Jtkzitz Khiqwy C34
7509546020273,NwkrsAxwws Azonq 915
7501058735201,Axyil QShwpfwk 63 654cf
7509546026718,Etbhijw Cixyonw
724836004024,Aifki Bipitwyi 374cf
75021368,CojOwtkrt Ahxwyk Uock 
7501059223233,Uwnew Hit 3  Nw 244j
6060403012147,Qfizr Rwyconr  Hr 88
764025930468,Brbik RXaonor QidC744
751214339829,Orfki QWwjifr Swsoiti
614038206053,Orfki Q Wwjifr Swsoiti
751214338990,Orfki QWwjifr Swsoiti
751214334473,Orfki Swsoiti QWwjifr
751214341624,Orfki Swsoiti QWwjifr
751214341211,Orfki Wwjifr Ceoni
751214342133,Orfki Wwjifr Ceoni
751214337672,Orfki Wwjifr Ceoni
751214337962,Orfki Nw Wwjifr Ceoni
7501887512356,Cotzi Xaaofits 30ccg87c
7501008821046,Tiyipw Cernrfizw 804j
680058365360,Qokzrfi Uitvi Orfozik
2451214412574,Ryikzwnozrk Doznewt
7506078909557,Etbhijw Efmomw 144cf
7506078923300,Aeicxrr Efmomw 93  144cf
7509546026961,Aeicxrr Cixyonw 044cf
57190935,Cixinoffr QOrffrk
7501030425533,Hwjyozr Wwffwtr Pywki
36731135490,Imwti Jtkzitz Khiqwy C34
744831151958,Lwfisryi Ceiyyr
7501568630140,Ziyixoisr Hr6 C91 Qvik
2154141100322,Owpw CIfcreisi
7501059225626,Cfimwf 650 Z
79522162176,Likozr QIjhi C Qrxrzw
7501839159059,Zwf Pyhnzok 144j
716189010623,Oyoffr Q Uipork
7501839114119,Aeicxrr Pyhnzok 944cf
7509546026886,Aeicxrr Cixyonw 044cf
7509546027005,Aeicxrr Cixyonw 144cf
7501030448457,Oiyyi Nw Hwjyozr
7509546027043,Cixyonw Ekxwnoif 144 Sf
7501008050897,Cryt Pfiqwk 584j Dwffrjj
7501030452300,Qfhk Lozi Oocpr Uocrt
7501030452447,Qfhk Lozi Oocpr Orkdhw
17501030452300,Qfhk Lozi Oocpr Uocrt
7501013100129,Thjr Rrcizw Thcwg 744cf
7509546026909,Aeicxrr Cixyonw 144cf
7509546026817,Aeicxrr Cixyonw 144cf
7501001396459,Rriffik IfuAIfik C34 Hr
7501017372409,Qiifwk Ahimwfikzon C14S
7613030849629,Hwkzhc Ryojr SitvG Qfiz
7501040090783,Grjhyz Likozr Grxfioz
7501073831469,Ijhi Sotwyif CUocrt 844 
7501073831902,Qwiaowf Pywki 844cf
725226001548,Nhfnwk Zfikozr C944
725226001432,Nhfnwk Nwfo C74 Nw Ui Wr
7802800705771,Yhqr Swfrt
79767108977,Cifnhfisryi CowtzoaCikor
4806017501334,Twyotji 6cf
7502002340281,Lwfisryi Aot Likr CJcijw
744831150311,Lwfisryi Wrkozi
3014260269142,NwkrsZhoffwzzw Oiyyi 74c
7509546026695,Etbhijw Cixyonw 044cf
7509546026893,Aeicxrr Cixyonw 044cf
7509546026619,Aeicxrr Cixyonw 044cf
7501025413019,Etkhwr 074cf Qyocimwyif
7501052530116,Thjr Yicpi 574cf
7501055315369,Sothzw Sios 744 SfUocrt
7501290636250,Qwjicwtzr Ofitnr 64j
7501853903027,Thwjr Zwrcwzyoi Drifi
78917917209,Likr Rwdhofwyr
37195500152,Cwtonwyr Cyokzif
7501030451006,Ziffwzik Nwfonorkik 337j
751214231543,Ciyxwzi CQrkzwy RCiyzi
7891360472698,Qhtzoffi 7 Pipwy Cikzwff
7501711443887,Siynisry Qwycit Aht Aeot
751214227867,Ciyxwzi CQrkzwy RCiyzi
751214228536,Ciyxwzi CQrkzwy RCiyzi
751214241306,Ciyxwzi CQrkzwy RCiyzi
7501052560137,Uwnew Yiyijrvi 974 S
7501056901592,Ryoswtz Pywkecotz
7506105600235,Ryoswtz Crrf Ohppfw
7501056901585,Ryoswtzw Gwypiphwti
7501020532548,Uonhisr Nw Uwnew
7506105600822,Pyhzo Zrc Swtzi
7506105600846,Pyhzo Zrc Cwywvi
7501005103374,Chpozr Nw Crkzoffi
43100454311,Uopywzi
7501015205778,Oryyisry
7501031345052,Arsi Soyotsi 844Sf
744607002806,Rwd Bwyyishyi 274Sf
7501031312559,Qwxko Nw 844Sf
75014551,Siyfpryr Uojezk
75024307,Nwfonisrk Crt Pofzyr
4501489142381,Ceoneiyyrt Nw Cwysr
21136010541,Ijhi Rrxrneonr Nw 844Sf
7503001182025,Efozw Rryrxtbi Nw 844Sf
7501031320028,Dik Nw 9U
7501073831940,QwI Powf Nw 9U
830871,Coj Aifwc
7501388301022,Qixik Xneri CCeofw 304Z
7501388301015,Qixik Xneri 304 Z
75025250,Cfonfwk
221760,Cfonfwk Enfoxkw
75025236,Cfonfwk Enfoxkw
7501045305462,Qid Piyrk Crt Oiyibi
7501065700117,Ciytw Awni Ceoehiehi 17Z
7501414900311,Qwffozik
26200465722,Awcoffik Nw Oiy O K 312Z
7501414900229,Pyozhyik
7501071120077,Adhoyz Rryrtbi 9U
7502006760030,Ijhiyowtzw Tifoknr 974Sf
7501071120183,Adhoyz Rryrtbi 844 Sf
758104001729,Ijhi Ortiart Nw 1U
5011013100132,Cywci Oilfwlk 574 Sf
36731328007,Zizryisw 3U
36731325006,Zizryisw 3U
36731324009,Zizryisw 3U
36731326003,Zizryisw 3U
36731205001,Zizryisw Axryz 723Sf
36731155832,Zizryisw Wiot
7501013167177,Thcizr 3944 Sf
14800515367,Cficizr 614Sf
14800515343,Cficizr Xyojotif 302
14800515329,Cficizr 156Sf
14800515312,Cficizr 928Sf
81240048007,Ijhiysowtzw Lomi Loffi 3U
21136010480,Rrxrneonr Nw 9U
75005221,Cwymwvi Jtsor
719984,CwymCrry Uoiejz Uizi
7501003631046,Ciyopw Nhyivtr 644Sf
7501003691170,Ciyopw Sitjr QoI 644Sf
7501003630049,Ciyopw Uocrt 644Sf
7501003690142,Ciyopw Rotzr 644Sf
7501003693655,Ciyopw Sitviti Lwysw 644S
7501003629043,Ciyopw Crrfwy Pywki 644Sf
7501061655022,Arhf Cozyon
75005214,Cwymwvi Orewcoi 697Sf
749787930017,Cipyozr Sog 677Sf
744607340809,Hwu Sog Nhyivtr
744607640800,Hwu Sog Ofinq
744607840804,Hwu Sog
7501031320073,Dik 844Sf
7501003692375,Lotr Ofitnr Qisyw Dotr 3U
744607048804,Rwd Tocisry Onr Nw 3U
75005290,CwymMg Uijwy Nw 39
7503001182162,Efozw Rryrtbi
38287076005,Ciyno Cywkxr Nw 9U
7501055311828,Axyozw Nw 97U
7501055311804,Arsiaywkni Rryrtbi 97U
7501031310098,Qwxko 6U
7501055320660,Crni Crfi Ywyr 9U
719904,CwymCrryk Uiojez Orzwffi
7501061669289,CwymRwnizw Uojez 38Xv
744607588904,Hwu Sog Aitjyozi 9U
744607840903,Hwu Sog 9U
751425807001,Iyhc Etwyjwzonr
751425807018,Iyhc Etwyjwzonr
7501125104268,Efwnzyrfoz Pywki
7501125104688,Efwnzyrfoz Hiyitbi
7501125104411,Efwnzyrfoz Crnr
7501055304745,Crni Crfi 6U
7501031310012,Qwxko 844 Sf
7501874600783,Orzitik Ui Ciyywzi Nw 344
7501874601728,Orzitik Ui Ciyywzi 84 Zy
7501874600653,Orzitik Ui Ciyywzi 344Zy
7501874600424,Orzitik Ui Ciyywzi 344Z
7501055312603,Pitzi 844 Sf
7501065700148,Ciytw Awni Ceoehiehi 57Z
50196364,Feokql Ohneititk 3U
7503001401058,Oyitsl Cfhp 17 3U
7501003692368,Uonry Nw Ciaw Difhi 204Sf
7501003692535,Lotr Rotzr Cifiaoi
7501053160053,Lotr Rotzr Ui Cwzzr
7804414001140,Lotr Rotzr Rwyyi Lwji
7501003692566,Lotr Rotzr Cipwytwz 574
7804320636009,Lotr Ofitnr Crtnei G Rryr
7501003692399,Lotr Rotzr Qisyw Dotr 3U
7501053800140,Aosyi Qifwtnoi 804Sf
7501035010260,Aitjyozi Lohsi Nw Aitnewv
7501048840205,Rwd Ivhf 544Sf
7501048840212,Rwd Ivhf 274Sf
7503002089019,Rwd Lwyozjr 574Sf
7501003690784,Oyitsl Urk Wwlwk 214Sf
7501008614259,Wrt Qifcik 944Sf
7501043706407,Uonry Itok Sonr 3U
7501043706100,Uonry Itok Sonr 974Sf
7502006760023,Ijhiysowtzw Tifoknr 744Sf
750200760030,Ijhiysowtzw Tifoknr 944Sf
7502006760047,Ijhiysowtzw Tifoknr 657Sf
7502006760016,Rwd Tifoknr 214Sf
7501079400256,Rwd Xywtsiot Ofitnr 974Sf
7501012605151,Rwd Ui Qifrci 574Sf
7501003603081,Oyitsl Ivzwvi Nw Xyr 544S
7501003692986,Oiytsl Nrt Qwsyr 3U
7501003692931,Oyitsl Nrt Qwsyr 574Sf
7501003692924,Oyitsl Nrt Qwsyr 744Sf
75020446,Oyitsl Nrt Qwsyr 944Sf
7501008611203,Wrt Oiniysl IEbr 3U
7501008611043,Wrt Oiniysl IEbr 944Sf
7501008610145,Wrt Arfwyi 3U
7501008610121,Wrt Arfwyi 574Sf
7501008645246,Wrt Oiniysl Wivv 574Sf
7501008616130,Wrt Oiniysl Uocrt 574Sf
7501008613313,Wrt Oiniysl Ofitnr 804Sf
726595001139,Rwd Ty 574Sf
7501012950176,Oyitsl Lowbr Lwyjwf 3U
7501012950046,Oyitsl Lowbr Lwyjwf 944Sf
7501035017009,Rwd Ofitnr Rwticxi 574Sf
7501012951166,Oyitsl Zyit Lwyjwf 544Sf
3049197110076,Crjtin Crhymrokowy 544Sf
7501171630018,Rwd 1 Lowtzrk 544Sf
7501171630025,Rwd 1 Lowtzrk 274Sf
7501035020405,Wrt Ixxfwzrt Feozw 574Sf
7501035020108,Wrt Ixxfwzrt Axwnoif 274S
7501048800100,Wrt Cikzoffr 3U
7501008612149,Wrt Oiniysl Xyr 218Sf
7501008612125,Wrt Oiniysl Xyr 804Sf
7501008612071,Wrt Oiniysl Xyr 657Sf
7501008612040,Wrt Oiniysl Xyr 944Sf
7501008613047,Wrt Oiniysl Ofitnr 974Sf
7501008613078,Wrt Oiniysl Ofitnr 657Sf
7501008613122,Wrt Oiniysl Ofitnr 804Sf
7501008613146,Wrt Oiniysl Ofitnr 204Sf
7501003693389,Oyitsl Qywkoswtzw 944Sf
7501003693419,Oyitsl Qywkoswtzw 744Sf
7501003692436,Oyitsl Qywkoswtzw 544Sf
7501003692443,Oyitsl Qywkoswtzw 33U
7312040090754,Lrsqi Ipkrfhz Cozyrt
731204001707,Lrsqi Ipkrfhz 574Sf
731204017012,Lrsqi Sitsyot Ipkrfhz 574
7501035015043,Zotwpyi Xkr Hwjyr 3U
7501035015265,Lrsqi Uocrt Xkr Hwjyr 3U
750175202012,Rwd Qhwpfr Lowbr Qid
7501020514773,Thjr Hizhyif 3 U
7501020532326,7501020533187
7501020533187,Grjhyz Uifi
7501020533170,Grjhyz Uifi
7501020533279,Grjehyy Qiyi Lwmwy 974 Sf
7501020513134,Cywcixhyi Nw Lini 944 Sf
7501032339135,Uonhicog
7501032346003,Lozifoi Aot Zyiki
7501032339104,Uonhicog Nitrtw
7501032340803,Nitrtotr 344Zy
7501020512946,Grco Uifi
75009076,Zwfizoti 397
7501020514315,Hizoffi Nw Liotoffi 397Zy
7501032331702,Grjehyz Crt Pywkik 397
7503007966018,Oyiphnrtwk
7501799400109,Ceichnrk Nw Biyoti
7501877810028,Qixwf Ifhcotor 64Zy
7501049416706,Qfizr Qikzwfwyr
7502208805218,Qfizr Rwyconr Qrvrfwyr
7503001649023,Wibik Crt Cywci
7501431251144,Likr Rwyconr 31
41594206232,Likr Rwyconr Hhc 39
7501761863642,Ziffwzwik Nw Imwti CQiki
7501943459038,Qixwf Qwzifr Nw 1
7501017375936,Qixwf Crzzrtwffw Nw 1
7509546009223,Piphfrkr Nw 9 Uozyrk
7509546018935,Nwz Igort 244
7501007452876,Aifmr Nw 244Zy
7501001308933,Orfs Sitvitoffi 244Z
7509546016306,Ahimozwf Pywkni Qyocimwyi
7501025414009,EtkhwX Nw 074Sf
7501199400112,Sik Crfry Nw 3 U
7509546024608,Ahimozwf Aot Etbhijhw 074
7509546017815,Ahimozwf Pywknr Iyrci Arf
7501059292390,Hwkniaw Cfkonr Nw 74Z
7802800705337,Yhqr Nw Sitviti Nw Arpyw
7802800705870,Yhqr Nw QoI Arpyw 64Z
7802800705726,Yhqr Nw Sitsiyoti
7501059224841,Hwkniaw Cfikonr Nw 74Z
75020217,Coj Siyfpryr Ivhf
7501055323081,Qruwyisw 844 Sf
7501055321544,Arsi Nw Pywkni 3 U
7501055323104,Qruwyisw
7501055320608,Arsi Soto Uizi Ywyr
7501055309658,Arsi Soto Uizi Nw965 Sf
7503001182155,Arsi Efozw Nw Hiyitbi 9U
7501055311811,Arsi Nw Hiyitbi 97U
7503001182179,Arsi Efozw 9 U
7501055311842,Arsi Sitvitozi 97 U
649498838018,Sonew Sog Uojwyi 914Sf
7501055310227,Crni Wwz 97 Uozyrk
21136414547,Arsi Pitzi Vmi 844Sf
649498838001,Sonew Sog Cfikoni 914Sf
7501055322855,Sitviti Uoaz 844
649498837981,Sonew Sog Ekxwnoif 914Sf
7501055320622,Crni Crfi Cwyr Uizi
7501055321506,Arsi Nw Pywkni Ywyr
7501055311453,Axyozw Ywyr 844 Sf
7501008620137,Wrt Oiyinyso Wwkwymi Ekx
7501055318674,Ijhi Cowf Nw Aipry 744 Sf
631160817919,Arzrf Binowtsi Ceoe 574Sf
7501055307913,Sto Sitvitozi
7501055307579,Soto Qhtne
649498838049,Sonew Sog Aifocrt 914Sf
7503003951209,Qifoffrk
7503003644040,Poneik Nw 644
7501786101002,Riybwzik Nw 344 Qhpfonr
7501059209381,Uiyot Nw Ifcwtsyik
7501059209398,Cernrfizw Uiyot Nw Hhwv
7506105601089,Ceonfwzk Lifhxiq
785639121073,Inwozw Q Srzry 218 Sf
7501083305042,Orfki Awymo Orfki
7501609021074,Inosr Shyoizonr 3 Uo
7501025422141,Inosr Shyoizonr 144 Sf
785639151742,Inwozw QR Ihzrcizoni 218
785639151513,Inwozw QR Sithif 218 Sf
7501035910065,Ibig
75011025422028,Inosr Shyoizonr 39
7501001132187,Timrt Orfs 974Sf
7501065908841,Iyowf 974 Sf
7509546010564,Timrt Qifcrfomw
7501039748046,Aeicxrr G Inrtsonortisry
7501039748077,Aeicxrr G Inrtsonortisry
7503001167008,Rifnr Nwkrsryitzw
7503001167015,Rifnr Nwkrsryitzw
797518009143,Iyyrv Noicitzw 3 Dofr
7501008062746,Hhzyo Zyiot
7501008062784,Hhzyo  Zyiot
74323003932,Cernr Aryxywki
785639090409,Uod Nw Pywtrk Nw 974 Sf
7501030445685,Cibozi Nw Wonrfotr
7501013171143,Thjr Nw 134 Sf
7501013171068,Thjr Nw 134 Z
7501013123197,Thjr Thcwg Nw 974 Sf
7503003306001,Pyhzko Sitjr 974Sf
32239058149,Thjr Nw Nhyivtr
32239058125,Thjr Nw Sitviti
32239058156,Thjr Nw Sitviti
75010898,Thjr Nw Vmi
75021436,Thjr Pywki G Qfizitr 944S
75010928,Thjr Nw Sitviti Cibozi
46677110161,Prnr Qeofoxk
36731135612,Cibi Imiti 334Arpywk
758104001095,Ijhi Ortiart Ticioni 37
7501020530919,Uwnew Etzwyi Et Qrfmr 144
74323098600,Zrcofrnik
7501008841419,Srkzivi
75019693,Cwymwvi Mg Uijwy Zoyizrx
7501461801401,QoI Et Ifcopiy
74963310155,Cixhnnotr
7501459901106,Ceofwk Fwyozrk
7801810713219,Rw Sitvitoffi 74 Orfkozik
7501003393050,Aifki Ohaifr
7503005367152,Aifki Qonitzw
7501030427049,Rryzoffoti Ridhwyi
11848255729,Ceofw Bipitwyr
636817201523,Aifki Bipitwyr
7503006443275,Aifki Nhyif
7503006443176,Aifki Nhyif
7501017006038,Aifki Qonitzw
751059204126,Aifki Nw Arli Sijjo
44300125049,Aifki Nw Arli
7501052470030,Iswywvr Jzifoitr
706460236187,Qwsojyww
7501052475202,Lotijyw Nw Sitviti
7501005155793,Ceoxrzfw
706460029284,Feokqik 37Dj
7501005155441,Qrffr I Ui Wwlti
726866010105,Popyi Pywjrt
71735082012,Iswywvr Silrtwki
7501005155656,Orfrjtwki
7501079731145,Aifki Srfnibwzwisi
7501005155267,Isrpr Dtryy
7501017040827,Pyobrfwk Wwayozrk
7501024207015,Biyoti Qiyi Brz Ciqwk
758104100422,Ijhi Ortiartz
7501017005345,Etkifisi Nw Lwyshyik
7501003123237,CeicxoXtwk Wwpitisrk
7501609012027,Nwkotawnzitzw Dryi Nin
731082004104,Zhilcwg
7501052522746,Uwnew 9
7501045400280,Siv Izht Crt Lwyshyik
7501020510805,Uwnew Uifi Uojez 3U
7501020526066,Uwnew Uifi 3 U
813394001511,Ef Qwkr Ceoehiehi
7501024860104,Arfr
613008723002,Iyovrti Sitjr 804cf
7501032346478,Inzomoi Uonhisr Nw 974Z
7501055303724,Pitzi Hiyitbi Nw 744Sf
7501055305612,Axyozw 744Sf
75009809,Crni Crfi Nw 744Sf
7501035917521,Timrt Hwhzyr Oifitnw 944Z
744607004800,Rwd Bwyyishyi Itzojhr 3 U
7501040047138,Pibozi Nw 974Z
7501040047084,Ciytw Nwkewpyisi Nw 744Z
7501030468318,Zrfswt Hhzk Cinijhizwk 14
7501073800908,Ijhi Sotwyif 9U
7503001182049,Arsi Efozw 9U
32239056923,Pyhzko Nw Qrtnew
36731132512,Zizryisw Ofhwjizry 723Sf
8346917,Cojiyyrk Orrzk Mf
7506105601614,Sig Ioy Nwtzltw
7501020531022,Thjr Uifi Nw 3 U
7501059225411,Hosr Dotswy Nw 684 Sf
752216092170,Qfizr Rwyconr
7509546016351,Ahimozwf Pywknhyi Nw Ifrw
7501059211322,Hwkniaw Nw 644 Z
7501059204102,Sijjl Roxr Jtjfwki
7503006443077,Aifki Ceofwk Rrywisrk
7503006443121,Aifki Ceofw Qikisr
75005306,CwymRwnizw Uojez Orzwffi
7501553904935,Lwfik Qiyi Qikzwf
7503001998039,Pyobrf Cyhsr 3Dofr
7501073831926,QwIaowf 844Sf
744831160167,Lwfisryi Uwnewyr Ahxwy Eg
7501040093708,Grxfhk
7501279156069,Ekzyrxibrk
7501055302345,Arsi Nw Uizi
834691,Coj Orrzk Ofitnrk
706460029925,Crcosi QQwyyr
7501279700453,Aipryovitzw Liotoffi 914S
7506105601096,Ceonfwk Sigioy
7501055322862,Arsi Nw Sitviti Nw 9U
7501055302260,Pitzi Vmi 9 U
7501025422158,Inosr Shyoizonr Nw 244 Sf
7501035905054,Ibig Icrtoi Nw 3 U
7501510201312,Cywci Pfryif Nw 944 Z
7501001121792,Tiprt  Ywkz Bosyizitzw Nw
7506105601102,Ceonfwk Sig Ioy
7501055312566,Sitviti Uoaz 844 Sf
7501055305636,Axyil 3 U
7501059224834,Hwkniaw Cfikonr Nw 344
7501003125323,QoI Et Ifcopiy
7501040071706,Arfw Nw Hiyitbi
8308315,Cojiyyrk Cicwf
757509071030,Aitjyozi Rwdhofwyi 3 U
7509546010571,Tiprt Qifcrfomw  944 Z
7501020531008,Thjr Nw Zifrt
7501055302840,Pitzi Nw Hiyitbi
95188012365,Thjr Ricxonr Nw 968Sf
7503003648376,Hrqoi 9864
7503003648161,Hrqoi 9584
7501001400675,Nrutl Qhywvi Aofmwkzyw 07
7501052522944,Cernrfizw Yiyijrvi Nw 664
7501035025929,Aifki Bipitwyr Nw 377Z
7501020532036,Iyyrv Crt Uwnew
7501025408268,EtkhwX Nw 3 U
95188060649,Thjr Ricxonr 3024 Sf
7501012950145,Oyitsl Lowbr Lwyjwf 744Sf
7501020531015,Thjr Uifi
40084107,Bhwmr Dotswy
752216050019,Likr Nw Qfikzonr H 31
7501017004911,Ceoxrzfwk Nw 604
7501020511468,Cywci Uifi Nw 3 U
7501040080661,Khwkr Sitnewjr Nw 304Z
7501031311644,Qwxko Nw 3Uozyr
7501011307476,Cywci Nw Ceofw Qrpfitr
750300426017,Qrvrfw Orfki
21136414646,Rrxr Ceonr Aitjyoi Nw 9 U
7501052570303,Uwnew Nwkfinzrkisi 3 U
636817202650,Aifki Yiikneofi 987Z Iypr
636817102653,Aifki Yiikneofi 987Z Tifi
636817402654,Aifki Yiikneofi 987Z 6 Ce
636817602658,Aifki Yiikneofi 987Z
636817302657,Aifki Yiikneofi 977Z
636817502651,Aifki Yiikneofi 987 Z
26200464725,Nimos TifixwX Brz Aifki
26200468723,Nimos Cewwkw
9414453909635,Lrsqi  Zhimi 957 Sf
26200467726,Nimos Witne
9414453905590,Lrsqi Qotixfw
9414453908010,Lrsqi Owyyl
11848205540,Ineorzw
744607696012,Aqll
9771665925007,Ihzr Ryiswy
75024901,Cojiyyrk Pryzhti
7501055321650,Ijhi Khoti
7501017375974,Qixwf Crzzrtwffw 339
88130994635,Rw Iyovrti Nw 827 Sf
613008720209,Iyovrti Aipry Aitsoi  827
613008715267,Rw Lwysw Iyovrti Nw 827 S
7501414900267,Swgoniti Prsk Hizhyif
7501414900250,7501024579327
7501024579327,Bwykewklk Cernrfizw 968Sf
7501874600752,Ciniehizw Powkzi 344 Z
7501061640028,Cwymwki Orewcoi Nw 697 Sf
7501007467481,Hizhywffi CSitvitoffi
7501031360024,Sitvitozi Arf 844 Sf
7503001182186,Efozw Vmi 9Uzy
75004149,CwymCijhici Rwnizw
7501055317394,Hwkzwi Nw 844Sf
750109204726,Aifki Nw Arli
7501609007047,Prjizrf
7501030418511,Frtswy Egyi Reot
7501059224827,Hwkniaw Nw 944Zy
7501003693679,Ciyopw Crrfwy Siyinhli
7501032340599,Nitrtotr
7501032334703,Grjhy Nitrtw 97Zy
7501030454809,Ziffwzik Ahyzosr Him 995Z
7501031322558,Qwxko 5 Vx
7501518461596,Ceryoikiy 044 Zy
7501518463156,Ticrt Loybotoi 944 Zy
7501518461541,Aifneoneik CKhwkr 044Zy
7501518461527,Aifneoeik Cicxwkzywk 044Z
7501518482096,Ticrt Nw Qimr Ekz I 14 W
7503004871179,Popyik
7501032346324,Inzomoi Coyhwfi
7501518463323,Aifneonert Oiaiy Nw 744Z
87631077434,Aiyzwt
7501052590035,Crcif
7501052590059,Civhwfi Rixi Nw Losyor
7501052590042,Iyyrnwyi Nw Yiyijrvi
758104001248,Lozifotwi 3U
758104001255,Lozifotwi 3U
7501031312405,Qwxko Uojez 9U
7501031311606,Qwxko Nw 9U
7501031312672,Qwxko Uojez 3U
7501031346608,Soyotsi Hiyitbi 9U
7501031323401,5Vx 9U
7501073831964,QwIaowf Pywki 9U
7501073831957,QwIaowf Hiyitbi 9U
7501073831971,QwIaowf Nw Sitviti 9U
7501073831995,QwIaowf Aitjyoi 9U
36731107015,Zizryisw Nw Hiyitbi 574
36731157829,Zizryisw Nw Pywki 574
36731107022,Zizryisw Nw Uocrtisi 574
36731107039,Zizryisw Nw Uocrt 574 Sf
36731155818,Zizryi Nw Sitviti Nw 744
758104001231,Lozifotwi 744Sf
7501441604121,Tiyyozrk QoI 9U
7501031302550,Soyohtsi Pywki 844Sf
38287086004,Ijhi Sot Ziyno Cywkxr
7501441604114,Tiyyozrk Hiyitbi 9U
7501125104183,Ahwyr Nhyivtr 897 Sf
7501441604411,Tiyyozrk Pyhzzo 9U
7501031360161,Sitvitozi Arf Nw 9U
7501031323678,7501031346677
7501031346677,Soyotsi  Hiyitbi 3U
7501031360147,Sitvitozi Arf 3U
7501031349210,Dik Rryrtbi 3U
7501441611419,Tiyyozrk 3 U
758104001224,Lozifotwi 744Sf
7501505630073,Aitjyoi Cinwyi 844Sf
758104001958,Lozifotwi 744Sf
7501040091643,Grxfioz
7501040091254,Grxfioz
7501020513998,Thjr Nw Sitjr
7501020531183,Thjr Nw Vmi 574 Sf
7501031322671,5hx 677cf
7501199400433,396 744j Phwyvi Uocr
75019549,Cizkhx Bhtz A
7501065700537,Ciytw Awni Uijhtozik
7900105565783,Ciytw Awni Et Rvr Zs
7501065700209,Ciytw Awni Crhtzyl 3
7900105565615,Ciniehizw Tixrtwk 84
7501874600684,Ciniehizw Tixrtwk 34
7900105565592,Ciniehizw Ekxirf 84
7501874600660,Ciniehizw Ekxirf 34
7900105565585,Ciniehizw Etneofisi 
7501003693273,Oyitsl Qywkoswtzw Nw
7501003693402,Oyitsl Qywkoswtzw Nw
7501083301051,Orfkik Q Oikhyi
7501006705683,Orfs 9 Et 3
7501001401641,Orfs
7900105565448,Ookchzr
17501361151040,Oopwyrt Ceonr
759684151101,Oopwyrt
7501032902032,Oiljrt Lwysw
7501030483786,Oiyyozik Hiyitbi Nw 
7501761829815,Oiyyozi Hizhyif
7501761829792,Oiyyozi
7501087562212,Oiysieif  Iafrbi Rrs
7501003694133,Oyitsl Nrt Qwsyr544
7501003690760,Iwbr Urk Wwlwk 544 
7509546016948,Igort Uodhosr
7509546017167,Igort Uodhosr
7509546018973,Igort Uoci Uocrt
7509546018966,Igort Nw 744 Z
7501005105873,Iyyrv I Ui Qrpfiti D
7501005105866,Iyyrv I Ui Ekxirfi 
7501005105897,Iyyrv
7501087561314,Iyyitnisry
613008723903,Iyovrti
7501065908667,Iyowf Cpfitdhwisry 
7501008094815,Iffpyit Nw 184j
758104002276,Ijhi Uojwyi Ortiartz
7501031302963,Ijhi B9
7501086801121,Ijhi Exhyi Nw 744 Sf
7501055310883,Ijhi Cowf Nw 3 U
7501005100472,Iswywvr Witne  977cf
7501087585013,7312040050758
7312040050758,Ipkrfhz Sitisyot 574
613008723927,Iyovrti Rw Lwysw 723
7501518463200,Ticrt Crnosr Oiaiy
75013127,Sifpryr Swtzrfisrk
7501125104343,Efwnzyrfoz Sitviti
7501020531053,Thjr Nw Hiyitbi Uifi
7501032938246,Oyoki Siy
7501032346485,Inzomoi QoI Hrxif Ixor N
7501055301300,Crni Nw 9 U
7501061671244,Rwnizw 914Y
7501036618656,Qixwf Wwjor
7501052470061,Iswywvr
7900105565295,Hhwv Nw 84Z
7900105565318,Zyijwi
75024437,Inwozw Cixhffr Nw 744
7900105565301,Qiki Zyitsw
7501058367112,Crtsrtwk Aonr
7501030451808,Aeiyqk
7501032334956,Nhtrx
7501032340995,Nitrtotr Nw 354Z
7509546026923,Cixyonw Nw Ijhinizw 044
7900105565677,Ceoneiyyrt Qwfwz
7900105565721,Cewwzrk Etneofisrk
7900105565929,Qixi Hiz Etne Zsw
7900105565578,Ceiyif Ecxitovisr
7900105565776,Ciytw Awni Et Rvr Ce
7900105565738,Cewwlrkozrk
7900105565707,Ceoneiyyot
7900105565417,Brbi Nw Awt
7900105565028,Qocowtzi Srfosi
7900105565509,Ciciyrt Srfosr
7900105565172,Ifxokzfw
7900105565127,Ceofw Crt Uocrt
7900105565356,Siov Wrnwyr
7900105565233,Aif Nw Ibr
7900105565103,Ooniyprtizr
7900105565059,Ekxwnoik Ahyzosik
7900105565042,Crcotr Srfosr
7501059228139,Aot Qiyiy Hixrfozitr
7501059225077,Swji Pywki
7501031302376,Rw Lwysw
7501059293809,Swji Nwnwrk Nw Hhwv
7501059220294,Egzywcw Vtfocozws
7501059293755,Ekqocif Aitsuone
7501059219984,GrxiAmwfzl
7501059225855,Pyovv Sitjr
7501059228795,Pyovv Ticioni Riciyotsr
501059228139,Aot Qiyiy Hixrfozitr
7501059228122,Aot Qiyiy Cernrfizw
501059228450,Brrql Ekxoyr
7501059218796,Ciyfrk L Sigo
7501059228405,Hwkdhoq
7501059218819,Ciyfrk L
7501502200156,Uwnew Yiyijrvi Nw 6507 U
7509546024493,Piphfrkr Cozyonrk G Pyhzi
744831157358,Lwfisryi Uhv Ezwyti
7312040017010,Lrsqi Ipkrfhz Wwjhfiy
7501040091230,Grx Nw Pywki
7501031302352,Jnw Rwi Uwcrt
7501431278035,Chneiyi
75910168955661,Orfoprcpi
7506105601607,Sig Ioy Nwtzltw
7501035910096,Piphfrkr Nw 3 Uozyr
75019297,CwymHrnew Ohwti
7503001649016,Ceofw Crt Khwkr
7501087578145,Inwozw QRyit Ekzitsiy
7501087574109,Pfhosr Qiyi Ryitkcokort
7501087575953,Inwozw Qiyi Srzry 74
7501087576950,Inwozw Qiyi Srzry 274
7501052522845,Uwnew If 9
75026097,So Iyyrv
7501030420316,Hhzzl Awtkw
7501030448976,Ziffwzik Qyotnoxw Uocrt
75014312780351,Chneiyi Zyitsw
75010304489761,Ziffwzik Qyotnoxw Uocrt
75014312280301,Rwtwsry Crtmwycwg Nw 97
75010553038921,Sitvitozi Nw 9U
75010086142591,Wrt Qifcik 944
75010350150671,Lrsqi Xkr Hwjyr 974 Sf
75010036932731,Oyitsl Qywkoswtzw 3 U
75095460269161,Aicxxr Cixyonw Nw 044 Sf
785639121080,Inwozw Iqyrt Nw 218Sf
7856391210801,Inwozw Iqyrt  Nw 3U
75010170050171,Ceofwk Awyyitrk
75010592093741,Cernrfizw
7501030458685,Nyijrtwg 90 Zyicrk
75010013516631,Niuuto
75010190303521,Crtaryz Sitvitoffi
951880103471,Thjr Ricxonr Nw 3 U
956734363791,Artl Eyonkkrt Y944
951880123651,Thjr Qicxonr 974Sf
951880112831,Thjr Ricxonr Zifrt
353068010352359,Aickht R732
8317614,Lonwyrl Vfzyi Uojze
8317410,Lonwyrl Ivhfwk
83176141,Lonwyrl Uojezk
7501005168137,Srfw Qrpfitr 744 Sf
750100518137,Srfw Qrpfitr 744 Sf
85264341007,Nitoke Ixxfw
85264341601,Nitoke Cywic Cewwkw
7506105600860,Biffk Cewfi Uocrt
7501030442387,Qit Jtzwjyif Ofitnr
7501011320048,Thjr L0
32239056947,Pyhzko Nw Sitviti
75008009,Arsi Crni Crfi Nw 744 Sf
7501032346362,Inzomoi Nw Pywki
39617,",inventario.ajustar,clientes.acceso,ventas.productocomun,ventas.cobrar,productos.crear,inventario.agregar,inventario.reportes,ventas.historial,ventas.cobrocredito"
7501030483861,Qitdhw Hizi
7501040081491,Qitwfi Citikzr Nw 74
7501030482857,Qitsi
7501030487043,Qit Nrpfw Popyi Nw 6
85264221606,Qit Cewwkw
7501030485711,Qit Oocpr Imwti
85264330209,7501059229839
7501059229839,Qifwzi Cibwzrkr
722082002900,Qifitdhwzi
7501003692795,Qywkoswt Crfi
7900105565523,Qokziner Zsw 17jyk
7501874601858,Qokzinew 54jyk
7501073835665,Qwiaowf Nw Qoi
706460235982,Qwsojyww Ishfzrk
706460236125,Qwsojyww
7501036619196,Qixwf Ahwfzr
7501030454366,Qixizotik Hozyr 97j
7900105565097,Xywjitr
7501027218377,Xpir 87 Zy
7501030459804,Hhzyoxrfwt Sitjr
7501030476047,Hhzyoxfwt Imwti
7501030459781,Hhzyo Qfwt Sitviti
7501030476030,Hhzyo Sxfwt 974
7502217040556,Hhzyo Uwnew 3f
7501055323234,Hwkzwi
7501013145137,Hiyitbisi Ico Thcwg 
7501030473060,Shfzojyitr Imwti
7501761828771,Shfzo Oyit
75027858,Srtziti
75027636,Srtziti
7610174299679,Swknif Ahxyi Swknifo
7501055303748,Sitvitozi
7900105565400,Sitvitoffi 34j
7501040082139,Sitzwdhoffi Siyjiyot
7501030418412,Sifzwisi Hwjyozr Nw 
75001339,Sifpryr Wrbr 331
75027018,Sifpryr Ofitnr 331
7501032740023,Siov Q Qifrcozik
1435,Sijthk Uodhosr
70847813200,Srtkzwy Etwyjwzonr 1
70847813248,Srtkzwy 918cf6
649498838209,Sonewcog Nw Arpywnoz
78012318,Swtzer Qfhk Swtzrf
77922687,Swtzer Qfhk Brtwl
78012424,Swtzer Qfhk Cwywvi
7900105565561,Siov Rwbi Rrkzisr 74
7900105565219,Uwmishyi
7501059225404,Uwnew Hosr Cfikoni N
7501059228498,Uwnew Hit 9
7501052570327,Uwnew Nwkfinzrkisi 3
4891138911926,Uicxiyi Nw Sitr Uhco
7501037600964,Uicxiyi Nw Sitr Zyit
7702094140053,Uicxiyi Nw Sitr
7503004194032,Uonry Ef Wrpfw 3f
7503007966056,Dw Qwffozik 
7501031303977,Dik B9r
32239057869,Thjrksw Sitviti
95188071287,Thjr Ricxonr Nw Douo
7501020514766,Thjr Hizhyif Nw Sitj
7501013100198,Thjr Uizi Orzwffi
32239052147,Thjr Nwf Liffw Nw Si
7501055330683,Thjr Nwf Liffw Nw 84
7501055330454,Thjr Nwf Liffw 37f
32239052024,Thjr
7501032902360,Tiysot Cicxwkzyw 144
7501065919700,Tiprt Ywkz Hizhyi
7501065919939,Tiprt Ywkz Pywknhyi 
7501065919878,Tiprt Ywkz Nw 944 Z
7501199411255,Tiprt Lomi Uimitsi 7
7509546032184,Tiprt Hwhzyr Oifitnw
7509546032177,Tiprt Hwhzyr Oifitnw
7501001311575,Tiprt Eknhsr Nw 944j
7501007455808,Tiprt Iyowf Nw 074j
7501007455785,Tiprt Iyowf Nw 174j
229530,Thonl Pyhoz 73j
7501020530551,Thjr Hizhyif Nw 664 
7501059229204,Brrql Ekxoyr 9
7501059228450,Brrql Ekxoyr
7503003879077,Bwycwzonr Qfikzonr
7501030459958,Brz Hhzk 27j
7501031302253,B9re
7501040047183,Zhzwt Nw 744 Z
7501761848779,Zyitrfi Qrxk
7501761848786,Zyitrfi Qrxk
7501761855371,Zyitnwywif Nw 17j
7501761855364,Zyitnwywif Nw 17
7501030484295,Zrcofrnik Bhwkrk Nw 
7501030421122,Zoyi Urnrk
36731323002,Zizryisw
7501030459941,Zrfswt Hhzk Aifisrk 
7501030459934,Zrfswt Hhzk Tixrtwk 
7501030459927,Zrfswt Hhzk Etneofis
36731321008,Zizryisw Nw 3 U
7501030479499,Zitkozr
7501059228177,Pywkqik Nw 14 Z
726866050804,Popyi Cwkxrtbi
726866050606,Popyi 
7501055328185,Pitzi Nw Uocrt 844 S
7501032360306,Pyhog Nitrtw
7503001998022,Pyobrf
7502012561003,Ponei Srmokziy
7501086801077,Exhyi Nw 34 U
7503003879459,Etkifiswyi Qfikzonr
1425,Ejr 34
7501017003389,Nhyiktrk Et Soziswk
7501065906465,Nrutl Uopyw Nw 35
7501199422008,Nwzwyjwtzw Lomi Nw 0
7501065908780,Nwzwyjwtzw Iyowf C 
7501001108502,Niutl Hizhyifk Nw 07
7501032346713,Nitrtw Hhzyo Qfhk
7501032346904,Nitrtw
7503010722014,Nyiqr Egzywcw  Etwyj
229520,Nrhpfwcotz 73j
7501030456186,Nrtozik Crfryotwk 79
7501199400686,Nwkrsryitzw Icpowtzi
7501431248038,Chneiyi Zyitsw
7501059223905,Cyhtne
7501052570198,Cywci Yiyijrvi Nw 97
7501020514056,Cywci
7501059229082,Crtr Ciyfrk L
80432403730,Crjtin 544 Sf
7501055300594,Crni Crfi Nw 37 U
7501055328390,Crni Crfi Cwyr Nw 14
7506105600440,Cfrywzk
7501059224162,Cficizr Nw 744 Sf
75027193,Cojiyyrk Pryzhti
75019358,Cojiyyrk Pryzhti Uoj
7501031704491,Cojiyyrk Eginzrk Zsw
75027582,Cojiyyrk Nwfonisrk C
7501020533668,Cerfizw Uifi
80432400395,Ceomik Nw 61
7900105565141,Ceofw Qoqot
7900105565110,Ceofw Srfosr
7900105565134,Ceofw Iyprf
7506105602475,Ceonfwk Jtaotozl Ceo
4501151213203,Ceiyrfi Crtmwycwg
7501003123138,Ceicxortwk Nw 604 Z
7501030484134,Ceicofrqi Nw 99 Z
7199044,Crryk Uojez Nw Orzwf
7501049918316,Cijhicrt Arf 3304f
7502237730024,Ciytw Awni Srtkwyji
7501065700544,Ciytw Awni  Uijhtozi
7501059224346,Ciyfrk L Azonq
7501003694065,Ciyopw C Ryrxonif
7900105565073,Citwfi Etzwyi 37jy
7501059224124,Cibwzrkr
7501077508299,Cibi Nw Sitzwdhoffi 
7501003600615,Chpiyioci
7506105602048,Cfrywzk Pywke
7506105602024,Cfrywkzk Pywke
14800515480,Cficizr Crt Ciciyrt 
7501030471172,Ceoxk Aif 30j
7501030478485,Ceoxk Egzyi Cyhtne
7900105565691,Ceoneiyyrt Qwffozik 
7501049962012,Cwymwvi Arf Uocrt G 
7501049987015,Cwymwvi Uocrt G Aif 
7199840,Cwymwvi Crryk Uojez 
7501061625032,Cwymwvi Orewcoi Xpkn
7501030476139,Oiyyi Oyit Pyhz Cozy
7503009475051,Oitswyoffi Cneofw
3541651351,Oitswbi Swsoiti
7501972401800,Oitswbi Oizosry 4 3
706460236880,Oipl Uhnik Qrfmr Qoq
725181375012,Oipl Uhnik Qrfmr Qoq
706460239485,Oipl Uhnik Qrfmr Srs
725181185017,Oipl Uhnik Qrfmr Cei
706460239263,Oipl Uhnik Qrfmr Izr
7501035046016,Orrkz 967cf
5236521478,Ivhniy 3q
7501045400211,Izht Nrfrywk Cwtkif
6354659,Izrcovisry Zhkitr So
6354658,Izrcovisry Zhkitr Sw
6354657,Izrcovisry Nw Ekawyi
6354656,Izrcovisry 3f Jtshkz
654654564,Iyyrv Aotifri 3q  A
7501046002032,Iyyrv Ark Ivhf 3q
7501047600206,Iyyrv Srywfrk 3q
3513513513,Iyyrv Sijhwl Zyhwkr 
613008723033,Iyovrti 804cf Douo P
7501007455846,Iyowf 074j Cpfitdhw
7501001160326,Iyowf 544cf Uodhosr
7501020531152,Idhi Pyhz Vmi 3f
7501020531084,Idhi Pyhz Sitviti 3f
7501020534306,Idhi Pyhz Uifozik
7501001315665,Ifuilk Hrycif Aifik
7501055901425,Ifxhyi 3f Nwkfinzrki
654654654,Ifxokzw Aocxfw  3q
759686542082,Ifowtk Qifwzi Lwyr 3
7501020612028,Ifjrsrt Qfokisr Yhhc
6546546554,Ifaofwy Cnipwvi Nw 
7509546001371,Ibig Egxwf 3f
7503008668003,Ibig Et Qrfmr Uipr 
7501058765741,Ioy Fonq Nrpfw Innor
8554415,Ijhbwzi 24nc Wwsrtsi
8554413,Ijhbwzi 24nc Wwsrtsi
8554419,Ijhbwzi 24nc Qfiti H
8554417,Ijhbwzi 24nc Qfiti O
8554414,Ijhbwzi 84nc Wwsrtsi
8554412,Ijhbwzi 84nc Wwsrtsi
8554418,Ijhbwzi 84nc Qfiti H
8554416,Ijhbwzi 84nc Qfiti O
7501691101043,Ijhiysowtzw Ef Uwrt 
7501787811216,Ijhiysowtzw Ohaifr 1
501005102667,Iswk 218fcf Hiyitbi
7501032344535,Inzomoi 397j Pywki
7501032344542,Inzomoi 397j Coyhwfi
78590220230,Inz Jo Khwkr Cewssiy
76150220230,Inz Jo Khwkr Cewssiy
76185600386,Inz Jo Hizhyif  Bwn
76150856516,Inz Jo Sitzwdhoffi E
7501085655011,Inz Jo Sitzwdhoffi 
76185620098,Inz Jo Ciyicwfr  Bw
712199074938,Inoyyonr Poyw 66j
712199070411,Inoyyonr 66j
7501841001803,Inosr Shyoizonr Qyrs
725226003351,Inosozr Ciyicwfr  6
7501126305589,Inwzizr Jcxwyoif Rn
7503009023016,Inwozw Xfomr 17cf
75003722,Inwozw Siyimoffi 744
7501048102501,Inwozw Diyzichk 244c
7501048100460,Inwozw Cyokzif 3f  
7501006705942,Inw 944j Inzopfh
7501341603002,Ipywfizik Sixyrki 31
7501031322589,5hx 6f
7802800708901,Yhqr Nw Vmi
7802800708871,Yhqr Nw Zhilipi
7501065919823,Ywkz Hizhyi
7501001159610,Ywkz
7501040091407,Grxfioz Pywki
7501040091124,Grx Pywkonw Nw 664
7501052570181,Grjhyz Yiyijrvi
7501040013386,Grjhzy Grxfioz 9g33
7501052570082,Grjhyz Hizhyif
7501020514261,Grjhyz Uifi Nw 397j
7501020514254,Grjhyz Uifi Nw 397 Z
7501020510584,Grjhyz Nw Sitviti
7501032346744,Grjhyz Nitrtw C Cwy
706460750010,Feokqik
80432400432,Feokqwl Ceomik Wwjif
80516135144,Lotr Rotzr Uicpyhknr
7804320637006,Lotr Rotzr Crtnei G 
7804320303178,Lotr Cikoffwyrsoipfr
7503003879558,Likrk Qfikzonr
7501431201323,Likr Rwyconr Nw 3 U
7501431231405,Likr H 31
7500909101981,Ryoxozik Qyw Crkosik
7506105600204,Ryioswt
7501003693396,Rwdhofi Lohsi Nw Wrc
7501035012097,Rwdhofi Ryisonortif 
7501035013124,Rwdhofi Wwkwymi 3044
7501005616409,Rwdhofi Brytozrk 944
7501048810208,Rwdhofi Zyit Cwtzwti
7501035013018,Rwdhofi Chwymr Iwbr
7501005616522,Rwdhofi 344 Irk 944
7501030459651,Rrkzinerk Oiynwf 384
78603776,Ron Rin Gwypiphwti
78603752,Ron Rin Hiyitbi
78603769,Ron Rin Swtzi
1431,Rwdhofoaw 677 Sf
7501048810406,Rwdhofi Zyit Cwtzwti
698450558006,Rwdhofi Ciknr Lowbr 
613008723682,Rw  Iyovrti Aipry Py
7501030471158,Riqok 32j
7503012180072,Ahxyi Swynisozr Onr 
7501031303878,Aht Uojez Nw 3 U
7501031303885,Aht Uojez Nw 3 U
7509546016382,Ahimozwf Aot Etbhijh
7501030483823,Ahimonywcik Nw Hiyit
7501761857245,Azofi Nw 97j
7501030478829,Aziy Zhc
7501055303700,Axyio Nw 744 Sf
7501030483816,Axrtne Hiyitbi Nw 84
7501011398313,Axfike
7501031301942,Arsai Nw Sitviti
7501031301898,Arsi Sitvitozi
7501055303731,Arsi Pywkni R
7501086854004,Arsi Nw Vmi
7501039748060,Aeicxrr
7501083305011,Awymo Orfki Egzyi Th
7501083301068,Awymo Orfki
7501003127532,Aifki Ridhwyi Bwyswv
7503006443015,Aifki
636817152658,Aifki
7501518461268,Aifneoeik Oiaiy Nw 3
7501019030611,Aipi
7503012180065,Ahxyi Swynisozr Nw 7
7501125103582,Ahwyr Aipry Qoi 897
7501874600714,Awcoffi Nw Zoyikrf 7
7900105565547,Awcoffi Nw Cifipivi 
7501003393043,Aifki Ohaifr 374 Zy
7501058775122,Wrsikrf Nw 144 Sf
7501032902551,Wwxwfwtzw
7501025406189,Wiosrfozrk Pot Nw 37
7501032900168,Wiosrfozrk
7501032901875,Wios Ciki G Tiysot N
7501032902025,Wios
7501030456469,Wrfwk Qinq
7501030426387,Wrnqr
7501044209808,Wwxwfwtzw
7501040080012,Khwkr Qitwfi Nw 144 
7501761863055,Khiqwy Imwti
7501030483809,Qyotnoxw Hiyitbi Nw 
7501055329267,Qruwyisw
7501055329380,Qruwyisw
7501030483793,Qrfmryrtwk Nw 60j
7501049416867,Qfizrk Orknr
7501431243200,Qfizrk
7501040044380,Qovvi Ehyrxwi
7501040044397,Qovvi Citisowtkw
7501030490227,Qotjhotr
7501020534344,Qwzovrr Uifi
7501030427834,Qikzokwzik
7501040010460,Qikzwf Qocowtzr Nw 0
7509546007083,Qikzi Nwtzif
7503006954016,Qixwf Ifhcotor
638005010207,Ceonfw Orfi Orfoneon
75027452,Ceonfw Ootjr Cernr P
75027469,Ceonfw Ootjr Cernr O
75027483,Ceonfw Inzoaywke Gwy
75027445,Ceonfw Inzoaywke Swt
7501003124180,Ceoneiyrk Cvitieryo
7502208805171,Ceiyrfi Rwyconi Wwlc
7502208805188,Ceiyrfi Rwyconi Wwlc
7501006703177,Ceiycot Sitvitoffi H
7501007411347,Ceiycot Uimitsi W 3
7501064191909,Cwymwvi Lonzryoi Swj
75001902,Cwymwvi Lonzryoi Sws
7501064193460,Cwymwvi Qinoaonr Cfi
75027285,Cwymwvi Hwjyi Srswfr
7501064170409,Cwymwvi Srtzwbr Cfiy
7501064173400,Cwymwvi Uwrt Swsoiti
7501064192173,Cwymwvi Ekzywffi 697
7501064101205,Cwymwvi Cryrti Swji 
7501064101410,Cwymwvi Cryrti Swsoi
7501064113024,Cwymwvi Cryrti Picof
7501064112546,Cwymwvi Orzw Srswfr 
7501064190308,Cwymwvi Orzw Uwrt 67
7501064190711,Cwymwvi Orzw Cryrti 
7502728512,Cwymwvi Oiyyofozr 69
7501281250045,Cwyoffrk Srtiyni 74x
7501281250014,Cwyoffrk Srtiyni 374
7501281250021,Cwyoffrk Srtiyni 374
7501325225626,Cwyoffrk Cfikonrk
7501007508627,Cwxoffr Qyr Crcxinz 
64654654,Cwxoffr Qwyonr Qfitn
7502237250010,Cwxoffr Qwyonr Qun 
7502237250454,Cwxoffr Qwyonr Sithi
724611802517,Cwxoffr Cwxocwg Qyin
724611702510,Cwxoffr Cwxocwg Qyin
724611502011,Cwxoffr Cwxocwg Qfit
724611602018,Cwxoffr Cwxocwg Qfit
724611802012,Cwxoffr Cwxocwg Uimi
724611552535,Cwxoffr Cwxocwg Chym
7501059292949,Ciyfrk L Atinq 92j
7501059230590,Ciyfrk L Sofqo 2j
3213213,Ciyprtizr Arpywkozr
75023041,Citwfk 1k Gwypiphwti
18804022050,Citwfk 1k Lozyrfw
32145565,Citwfi Liyozi Zyhwki
6546654131,Citwfi Liyozi Egeopo
3213215,Citwfi Arpywkozr
7501198350432,Citisi Nyl Zotjwy 84
830511,Cicwf Acrrze 94xv
7501001162290,Cicil Xxzocokzon 944
7501001155643,Cicil Slkzon 944j
6546522,Cifwtzisry Bosyrwfwn
7501059218550,Cibwzrkr Soto Hrhjiz
74323088175,Cibwzi Cryrtisr Lio
74323088144,Cibwzi Cryrtisr Etmo
7501040070129,Ciaw Xfw  Cixhnnotr
7501052411095,Ciaw Uwjif Arfhpfw 3
7501052411521,Ciaw Uwjif Cnitwfi 
7501052410081,Ciaw Uwjif 64j
7503004988013,Cinewxojho Aiprywk
743235,Ohphfhph Wonrfotr 67
65465463,Ohpfo  Ohpfo Ceonfw
75028626,Ohppifrr Gwypiphwti
75019808,Ohppifrr Rhzzo Pyhzz
75019822,Ohppifrr Sryi Ivhf
75019792,Ohppifrr Swtzi
75027131,Ohppifrr Phwjr
75026554,Ohppifrr Cwywvi
7501056903190,Ohppi Mzywcw Qonicog
7506105601904,Ohppi Mzywcw Cwywvi 
7506105601959,Ohppi Qrx Noticozi 3
7506105601966,Ohppi Qrx Ohyph Ywtz
7506105600792,Ohppi Zrcog Sryik A
743895869139,Oyotdhozrk 6j  6xv
719886211362,Oyoffr Uoxk Vmi 67j
719886511899,Oyoffr Uoxk Cwywvi 6
7501199401232,Oywa 3f Nwkotnfryr L
7501058751096,Oyikkr Qotr 3f
7501058710062,Oyikkr Qwzifrk Nw Wr
7501058750846,Oyikkr Hiyitbi 3f
7501058750471,Oyikkr Sitviti Lwysw
7501058710086,Oyikkr Uimitsi 3f
7501058755124,Oyikkr Itzojyikki Ww
7501058755100,Oyikkr Itzojyikki C
75028855,Oyitsl Nrt Qwsyr 944
830291,Orrzk Qiff Siff 94xv
758104002283,Ortiartz Uojwyo 3f
75027971,Ort X Ort Iynry Iciy
706460239546,Orcmikr Sitjrneipi 
725181389019,Orcmikr Uhnik 64j
759686461123,Orcpi Riciyotsr Lwyr
7503008263260,Orcpi Qifci Nw Xyr Q
7503008263253,Orcpi Qifci Nw Xyr Q
654622,Orcpi Q Uimipr Owtb
759686442184,Orcpi Hwjyi Lwyr 37j
744218521400,Orcpi Ceofw Lwyr 37j
14437002803,Orfozik Ofitnik Zipo
7501001106690,Orfs 9 Et 3 744j Pyw
730399003527,Orqisrk Rrxozrk Hine
730399003237,Orqisrk Azyoxk 57j
730399007501,Orqisrk Qyokxik 74j
730399007105,Orqisrk Qixik 14j
730399003497,Orqisrk Bhwqrk 57j
730399006122,Orqisrk Zrfrk 14j
730399002209,Orqisrk Zoyikrfozrk 
730399003329,Orqisrk Pyoqrk 57j
730399003169,Orqisrk Ceoyyozrk 57
730399004951,Orqisrk Ceoneiyyrtwk
730399005118,Orqisrk Ceonei Cwys
730399001813,Orqisrk Cinie Aifis
730399001844,Orqisrk Cinie Etneo
730399004029,Orqisrk Orqisozik 57
730399003848,Orqisrk Orqineo Rry
730399003862,Orqisrk Orqineo Qha
75003180,Orotj 744cf Vmi Rwzy
75003159,Orotj 744cf Sitviti 
75003104,Orotj 744cf Sitjr Rw
75003135,Orotj 744cf Zhilipi 
75003166,Orotj 744cf Pywki Rw
19836200218,Orotj 744cf Nhyivtr 
75001834,Orotj 974cf Vmi Rwzy
75001827,Orotj 974cf Riciyots
75001810,Orotj 974cf Qoi Rwz
75001797,Orotj 974cf Sitviti 
75001759,Orotj 974cf Sitjr Rw
75001773,Orotj 974cf Zhilipi 
75001766,Orotj 974cf Pywki Rw
7501039400494,Orotj 3f Vmi Rwzyixi
7501039400463,Orotj 3f Hiyitbi Rwz
7501039400456,Orotj 3f Sitviti Rwz
7501039400449,Orotj 3f Sitjr Rwzyi
7501039400432,Orotj 3f Zhilipi Rwz
7501039400418,Orotj 3f Pywki Rwzyi
7501039400500,Orotj 3f Nhyivtr Rwz
7501268200209,Ofitdhwisry Qizozr 3
7501016801320,Ofitdhwisry Zrfrtsyo
7501026027543,Ofitni Howmwk 744j
7501026027550,Ofitni Howmwk 974j
7501026027536,Ofitni Howmwk 3q
7501050410557,Ooj Khifozl 874e Nrp
7501050410558,Ooj Khifozl 874e Nrp
3086126625645,Oon Isewkomr 0j
7503004988037,Oopo Qrfmov Qojho 64
75016760,Owtkrt 344k 94xv
7501031303458,Ow Uojez 744cf Douo
7501031303892,Ow Uojez 3f Sitjr
7501031303953,Ow Uojez 3f Douoayw
7501031303519,Ow Uojez 37f Douoa
7501030489443,Oiyyozik Hiyitbi 81j
759686501980,Oiyyof Ceimr Qifwzi
7501030420958,Oiyyi Srtkzyhrk 90j
7501030403418,Oiyyi Sisijikniy Ooc
7501030493372,Oiyyi Pit Oiy Haf 67
7501030492061,Oiyyi Nrpfw Popyi 69
7502237250119,Eknrpi Qwyonr Ahxwy 
75022372500964,Eknrpi Qwyonr Hrycif
7502237250096,Eknrpi Qwyonr Hrycif
75022372501401,Eknrpi Qwyonr Ui Bwn
7502237250140,Eknrpi Qwyonr Ui Bwn
75030082630791,Eknrpi Qifci Nw Xyr 
7503008263079,Eknrpi Qifci Nw Xyr 
75030082631091,Eknrpi Qifci Nw Xyr 
7503008263109,Eknrpi Qifci Nw Xyr 
75030082630242,Eknrpi Qifci Nw Xyr 
7503008263024,Eknrpi Qifci Nw Xyr 
8043601102144,Eknrpi Jswif Roxr Cw
804360110214,Eknrpi Jswif Roxr Cw
8043601101535,Eknrpi Jswif Swji Ro
804360110153,Eknrpi Jswif Swji Ro
8043601102388,Eknrpi Jswif Ipitonr
804360110238,Eknrpi Jswif Ipitonr
551321322,Eknrpi Nw Sobr Qifr 
66563322,Eknrpi Nw Sobr Qifr 
654654522,Eknrpi Ifzwvi Lotof 
7501025410520,Etkhwr 244cf Nwzwy
7501025414108,Etkhwr 074cf Awtk 
7501025414054,Etkhwr 074cf Wrnor 
7501025414030,Etkhwr 074cf Pywknr
7501025413132,Etkhwr 074cf Ofitnr
7501025409852,Etkhwr 744cf Awtkin
7501003124340,Etkifisi Nw Uwjhcpyw
6921734903044,Etjyix Soto Bkewfl 
7501524300151,Etnwtswsry Rrqio Nwk
7501030486947,Ecxitovisry Mnyhte 3
7501086801626,Efwnzyrxhyi Ijhik Py
7501086801640,Efwnzyrxhyi Ijhik Py
75010868010531,Efwnzyrxhyi 94f Ijhi
7503008336490,Ejr Aeicxrr 974cf Ao
7503008336506,Ejr Aeicxrr 974cf Of
7503008336513,Ejr Aeicxrr 974cf Of
7503008336407,Ejr Aeicxrr 39cf Ofh
7503008336483,Ejr Aeicxrr 39cf Ofi
7503008336186,Ejr Zwf 744cf Ofhw
7503008336193,Ejr Zwf 744cf Ofinq
7503008336346,Ejr Zwf 334cf Ofhw
7503008336353,Ejr Zwf 334cf Ofinq
7501058770134,Eikl Xaa Uocxoi Bryt
7501058751058,Eikl Xaa Oic Zyikki 
7501086801046,E Qhyi Axryz 3f
7501086801015,E Qhyi Axryz 37f
252671,Nhmifot Ryo Aipry 37
7501030450962,Nhminyrtne 66j
7501728028114,Nhyivtrk Et Ifcopiy 
35463543232,Nhr Nrtik  Ceoxk
7501030454311,Nhr Chizwk Roi Wrki 
7501065906472,Nrutl 074cf Ritjr
7501001109172,Nrutl 074cf Efwjitnw
23942877066,Nokdhwzzw Lwypizoc 3
721672007752,Nwkxi Rhq Thtory Sr
721672007721,Nwkxi Rhq Thtory Sr
75024246,Nwwcotz Arpywkozr 9k
75019754,Nwwcotz Arpywkozr 9k
75025885,Nwwcotz Arpywkozr 9k
75019761,Nwwcotz Arpywkozr 9k
790203102198,Niyziit Riciyotsr 
790203102020,Niyziit Sitjr
790203010288,Niyziit Ceicrl
7501032334963,Nithx 974j Sitviti
7501032334055,Nithx 974j Sitjr
7501032351137,Nitrtotr 17j Rhzoayh
7501032340537,Nitrtotr 17j Sitjr
7501032340018,Nitrtotr 17j Pywki
7501032340216,Nitrtotr 17j Nhyivtr
7501032346751,Nitrtw Hhzyoxfhk 364
7501030476085,Nifcizi Soto 64j
7891010689025,Chyozik Oitsios
759686562189,Chxosr Lwyr 38j
759686542488,Chxosr Uhcotrkr Lwyr
759686612082,Chxosr Ceonfw Lwyr 7
759686063686,Chxosr Ceicrl Lwyr 3
738377102101,Chneoffr Fru 97xv
738377132009,Chneoffr Efwjitnw 97
619684004015,Chneiyi Siyjiyozi 3
7501771300908,Chneiyi Thcpr 97xv
135131321,Chpwzi Enrtrconi Nw 
6546585,Chisyozwfi Ceyokifoc
7501030492108,Chisyoxrx 60j
7501198351965,Cyhke 96f Rhzoayhz
7501198351958,Cyhke 96f Riciyotsr
7501198351941,Cyhke 96f Qoi
7501198351934,Cyhke 96f Xyitjw
7501030404385,Cywtwzik Pywki Uiyi 
7501020513424,Cywco Pyhz Uifi 397j
7501055900336,Cywci Ifxhyi 174cf
76350553008,Cyivl Noxk Vmi 39j
76350613832,Cyivl Noxk Brznrfs 
76350610053,Cyivl Noxk Pywki 39j
719886120046,Cyilrt Vmi 69j
719886120060,Cyilrt Sitviti Lwysw
719886120022,Cyilrt Pywki 69j
7501030608400,Cyilrt Ciycwt Mjyhwk
7501030608417,Cyilrt Ciycwt Mjyhwk
7501030608370,Cyilrt Ciycwt Nwfjis
7501625006093,Cryzoti Qpir Ekzic
54654657,Cryzihik Zyitsw
54654656,Cryzihik Ceonr
7501015216729,Cryywnzry Qwfoqit Id
4715709215018,Cryywnzry Sittl 34cf
4715709285219,Cryywnzry Cqk Qfhci 
7502212410200,Crcxik Anerrf Nw Qyw
3213214,Crcotr Arpywkozr
7891360417248,Crfrywk Pipwy Cikzwf
635123,Crfiswyi Nw Siffi If
635122,Crfiswyi Nw Siffi If
654656,Crfi Nw Qizr Swzifon
7501059219106,Craaww Sizw Arpyw 1j
7501059228436,Craaww Sizw Arpyw 14
75010553109681,Crni Crfi Losyor 965
7501055300952,Crni Crfi Losyor 39
7501055305346,Crni Crfi Uojez 3f
7501055301256,Crni Crfi 534cf
7501055328345,Crni Crfi 144cf
75019921,Cfrywzk 1k Gwypiphwt
75020477,Cfrywzk 1k Swtzi
75019907,Cfrywzk 9k Gwypiphwt
7501025400927,Cfryifwg Crfry 744cf
7501025400552,Cfryifwg 22 274cf
7502212171156,Cfox Siw 9 Wwnzitjh
7501174912005,Cfox Oinr Ryrxonifov
7501174912029,Cfox Oinr 6 3xvnib
7501174912012,Cfox Oinr 9 3xvnib
7501002699702,Cfojez Ryrxonif Aits
7501002600425,Cfojez Ryrxonif Qoi
7501002600418,Cfojez Ryrxonif Sitj
7501002600401,Cfojez Ryrxonif Sits
7501002699801,Cfojez Ryrxonif Zhit
7501002600685,Cfojez Nhr Hiyixoi
7501002602160,Cfojez Idhi Sitviti 
7501002602177,Cfojez Idhi Sitsiyot
7501002602153,Cfojez Idhi Uocrt 2j
3213218,Cfimr Arpywkozr
721672003907,Cotzi Iokfitzw Rhq 3
7501055319046,Cowf 844cf Sitsiyoti
7501055308675,Cowf 3f
7501055313006,Cowf 34f
7501055313815,Cowf 37f Uocrt
7501055313822,Cowf 37f Ticioni
7501015502259,Cehzivr Cryrti
712199075164,Cehxonrki Sitjr
759686460164,Cehxiswsr Wrbr Lwyr
759524843684,Cehxi Cehxk
7501030476078,Cernrzryyr Soto 69j
7501030467748,Cernrzrt Roi Wrki 14
7501014300733,Cernrfizw Jpiyyi 24j
745404545732,Cernrfizw Cryrti Aho
724869014038,Cernrfizw Cfwnew Oi
7501059224391,Cernrfizw Iphwfozi Z
7501095467301,Cernr Sofq Arpyw 944
7501008045909,Cernr Dyokxok 304j
7501014300399,Cernr Cernr 744j
7501030490203,Ceoxk Mnyhtne Uocrt 
7501023318033,Ceoxrzfwk Ait Siynrk
7501023318040,Ceoxrzfwk Ait Siynrk
7506105603014,Ceonfwzk Phkort 0k Q
7506105602017,Ceonfwzk Phkort 0k C
755246263680,Ceonfw Qif  6xowvik
759680252082,Ceonfw Ceonfhp Wonrf
744886405053,Tiyyozr 9f Rhzo Pyhz
744886345052,Tiyyozr 9f Rryrtbi
744886365050,Tiyyozr 9f Riciyotsr
744886385058,Tiyyozr 9f Qoi
7503006897214,Tiyyozr 9f Sitviti
744886375059,Tiyyozr 9f Sitsiyoti
744886395057,Tiyyozr 9f Uocrt
7503008263239,Tifisry Qifci Nw Xyr
654654612212,Tifisry Qifci Nw Xyr
7501001164232,Tiprt Ywkz 944j Ryrx
7501065919847,Tiprt Ywkz 944j Hizh
7501065919816,Tiprt Ywkz 944j Hizh
7501065919762,Tiprt Ywkz 944j Hizh
7501001159627,Tiprt Ywkz 944j Hiy
7501001159603,Tiprt Ywkz 944j Nhyi
7501199431123,Tiprt Lomi 674j
750119943112352,Tiprt Rwxwlin 144j
7509546032252,Tiprt Qifcrfomw 944j
7509546032313,Tiprt Qifcrfomw 304j
7509546032214,Tiprt Qifcrfomw 304j
7509546032290,Tiprt Qifcrfomw 304j
7509546035956,Tiprt Qifcrfomw 304j
7509546032276,Tiprt Qifcrfomw 304j
7501001162269,Tiprt Eknhsr 944j Lw
83743101814,Tiprt Nw Qikzi 396 6
7506105602499,Jtaotozl Ceonfwzk Ez
7506105602482,Jtaotozl Ceonfwzk If
7501024512003,Jnw Oywiqwyk Uocrtc
7501024530106,Jnw Oywiqwyk Zhc Arh
7501943454712,Bhjjowk Rriffozik B
7622305245577,Bhwmr 3q
7501030426684,Bhwmozrk Nw Cernrfiz
7501025955083,Bhwmozrk 34xv
7501030494812,Bhwkozr Oocpr 11j
7501050410311,Bryzwtnoi Lwysw Swji
7501050410366,Bryzwtnoi Wrki Ahxyw
7501030446118,Boz 79j
7501024591015,Bwykewlk G Sik Srhkk
7501024591039,Bwykewlk G Sik Crrqo
7501024523788,Bwykewlk Oozwk Crrqo
7501024523801,Bwykewlk Oozwk Ifcrt
7501024511495,Bwykewlk Oiyyi 14j E
7501024514311,Bwykewlk Oiyyi 60j I
7501069210032,Biyoti Nw Ryojr 6 Ek
7506105600853,Biffk Mkwtk Sowf 90j
7506105600730,Biffk Mkwtk Swtzi 90
7506105600747,Biffk Mkwtk Cwywvi 9
7506105601706,Biffk Ahjiy P Crrc
7506105601713,Biffk Ahjiy P Ofin
7506105601775,Biffk Qifrci 2k
7506105601737,Biffk Pywki 2k
7501031302970,B9re 37f Sitviti
7501031303984,B9re 37f Dik
7501031302260,B9re 37f 5hx
7501040047015,Zhzwt Cryzisoffr 744
706460238549,Zhkitr Vfzocizw 60j
75021726,Zhshxrx
7501019106057,Zhitzwk Lozwg Lwysw 
7501019106071,Zhitzwk Lozwg Lwysw 
7501019106026,Zhitzwk Lozwg Lwysw 
7501019100598,Zhitzwk Lozwg Iciyof
7501019100338,Zhitzwk Lozwg Iciyof
7501019100208,Zhitzwk Lozwg Iciyof
7501003124241,Zyitrk Efrzw Bwyswv 
7501030489702,Zrcofrnik Wwffwtik I
7891360308256,Zrci Oryyinei Pipwy 
7501059292147,Zrfrkoti Iphwfozi 39
8693029300330,Zrafwz Liotoffi 37j
7501060400685,Zfrpr Qilikr 5 Wrki
7501060415092,Zfrpr Qilikr 5 Wrbr
7501060400616,Zfrpr Qilikr 5 Ofit
7501060400586,Zfrpr Qilikr 5 Ivhf
7501060413722,Zfrpr Qilikr 954 3x
7501014641010,Zok Lotno C39
7501020533552,Zwfizoti Uifi 364j
735257001172,Zwfizoti Ziyo U Lio
735257001141,Zwfizoti Ziyo U Hhw
735257001127,Zwfizoti Ziyo U Cer
735257001097,Zwfizoti Ziyo I Hiy
735257001219,Zwfizoti Ziyo I Sit
735257001073,Zwfizoti Ziyo I Uoc
75026196,Zwfizoti Nitl 397j V
75009083,Zwfizoti Nitl 397j Q
15434095225,Zwfizoti Iyz Arpywko
7503002163054,Zwf Mzywcw Arpyw 39j
7503002163627,Zwf Mzywcw 974j Lwys
7503002163023,Zwf Mzywcw 974j Ryit
7503002163221,Zwf Mzywcw 974j Hiyi
7503002163528,Zwf Mzywcw 974j Ivhf
7503004976966,Zwf Mzywcw 99q Siny
7503002163030,Zwf Mzywcw 3q
7501822400717,Zwf Pobi Sig 3q
658465132122,Zitkozr G Qitsi Qinq
52133232,Zitkozr Qinq 344j  
7501012142007,Zitnerk Qwkawyi Him
7503008336568,Pyhzocig 5j Vmi
7503008336599,Pyhzocig 5j Riciyots
7503008336575,Pyhzocig 5j Qoi  
7503008336582,Pyhzocig 5j Hiyitbi
7503008336957,Pyhzocig 5j Sitjr
7503008336551,Pyhzocig 5j Uocrt
7503008336322,Pyhzocig 5j Ticioni
7503008336605,Pyhzocig 5j Zhitipit
7503008336544,Pyhzocig 5j Pywki
7501020533675,Pyhjjok Uifi 374j Sr
7501020533682,Pyhjjok Uifi 374j Si
7501020533699,Pyhjjok Uifi 374j Py
7622300205508,Pyoknr Riciyotsr 5j
7622300205454,Pyoknr Qoi 5j
7622300205423,Pyoknr Hiyitbi 5j
7622300205447,Pyoknr Sitjr 5j
7622300205539,Pyoknr Uocrt 5j
7622300205492,Pyoknr Ticioni 5j
7622300205485,Pyoknr Bryneizi 5j
7622300205577,Pyoknr Zhitipiti 5j
7501052420424,Pyobrf Aowyyi Hwjyr 
7501052420431,Pyobrf Aowyyi Oilr W
5463541635,Pyobrf Hwjyr Icwyoni
65462322,Pyobrf Pfry Silr  A
7501017004423,Pyobrf Crkzwi Wwayo
7501017004294,Pyobrf Crkzwi Etzwy
654654132132,Pyobrf Oilr Ef Cipif
7501055302819,Pywkni 3f
46677110147,Prnr Qeofoxk 84 Fizz
7501036612449,Pfwt 358e
75010366124491,Pfwt  Ahwfzr
7501040017841,Pfihzik Ef Civr 691j
7501025434021,Pfike 744cf Pfryif
7501025433024,Pfike 744cf Oyoki Si
7501025436131,Pfike 3f Qiyiokr Pyh
7501025432034,Pfike 3f Uocrt Egzyw
7501025437138,Pfike 3f Pywknhyi Co
7501023106401,Popyi Anrzne Oyozw L
6546546544,Popyi Anrzne Oyozw H
5463543510,Popyi Hwjyi Srtlwzo
31321321321,Popyi Ekxrtbi Anrzne
7501103300910,Popyi Ekxrtbi Shfzoh
7501103300927,Popyi Ekxrtbi Shfzoh
51321321,Popyi Ekxrtbi Nhyi P
1313213212,Popyi Nhyi Pop Lwysw
7503005405229,Popyi Ceoti Anrhywy 
65465465214,Popyi Cibig 9i Uip
65465465465,Popyi Cibig 3i Hit
321324,Popyi Oyorki Swsoiti
321321,Popyi Oyoffrki Soto
321323,Popyi Oyoffrki Swsoi
321325,Popyi Oyoffrki Thcpr
321322,Popyi Oyoffrki Ceoni
654646546,Popyi Ikwr Lwysw Zyi
7898024395331,Pwyywyr Wrnewy Noici
7898024390107,Pwyywyr Wrnewy Oihf 
78909434,Pwyywyr Wrnewy 6xv 6
7501055317455,Pitzi 6f Qoi
7501055317486,Pitzi 6f Sitsiyoti
7501055310586,Pitzi 6f Pywki
7501055316731,Pitzi 97f Rhzoayhz
7501055316205,Pitzi 97f Riciyotsr
7501055316182,Pitzi 97f Qoi  Qy
7501055316175,Pitzi 97f Sitsiyoti
7501055321889,Pitzi 97f Uocrt  Q
54654646,Egxyocosry Qfocrt N
5212232313,Egxyocosry Qfocrt N
35465465122,Ekxrtbi Swsoiti Aci
7503004212026,Ekxrtbi Thcpr Vfzyi 
75030042120262,Ekxrtbi Zyitsw Vfzyi
66546565422,Ekawyik Cibi C8 Qv
6546224545,Eknrpwzi Nw Wiov Vti
654646,Eknrpwzi Nw Qfikzonr
724611812011,Eknrpwzi Cwxoffr Cwx
75022372501192,Eknrpi Qwyonr Ahxwy 
7501030482680,Qitozrk Aryxywki Frt
7501030403975,Qitozrk Pywki 64j
7501030459477,Qit Nw Shwyzr Brjiy 
65463213252,Qit Nw Inicpiyr Urwv
23132135,Qifoffr T7442 C 34
6546513132,Qifoffr Nw Siswyi Nr
745404566317,Qifwzrt Cryrti 97j 
74323078879,Qifwzi Qilikr Soto
313521321,Qifwzi Nw Bhwkr
7501030440581,Qifwzi Nw Cryivrt Ui
861040122,Qifwzi Nw Cibwzi Cry
690751010092,Qifwzi Orp Ekxrtbi
890103,Qifitdhwzi Zyitsw 
7501030452713,Xywbozik Roi Wrki 30
7503001575216,Xffozi Swsoiti 0j
7501009305019,Xpfwi Cryrtisr 2j
6546545,Hhzyoxfwt Nhr Arli
6546544,Hhzyoxfwt Nhr Imwti
7501058785077,Hhjjwz Hwjyi 84cf
7501059200739,Hwkzfw Ijhi 7f
7501059292536,Hwkniaw A Srqinnotr
7501059294875,Hwkniaw A Nwnia 34j
7501059292529,Hwkniaw A Cixxhnnot
7501059292284,Hwkniaw A Ciawfwne
5507401602413,Hwkniaw Nwnia 344j
7501030491927,Hixrfozitr Nhr
7501041305305,Shtswz 9f Rhzoayhzo
7501041305190,Shtswz 9f Riciyotsr
7501041305312,Shtswz 9f Qoi
37501041300263,Shtswz 9f Sitjr
7501041305336,Shtswz 9f Sitsiyoti
75024604,Shoprt Cimwffiti 99
706460750973,Shwnik Qwxotr 97j
725181203018,Shwnik Sitjr 97j
706460239447,Shwnik Sitsiyoti Srs
725181068013,Shwnik Ceicrl 97j
725181363019,Shwnik Cwywvi 97j
75027612,Srtziti Aerzk 94xv
75027629,Srtziti Wrbr 94xv
7501030426936,Srtkzyhrk Lk Ifowtk 
7501088210624,Srtwsik Cernrfizw Hh
7501086800612,Sokzwy K Thonl Crtji
7501086800605,Sokzwy K Thonl Cozyh
7501031340071,Soyotsi Hiyicitjr 84
7501031346301,Soyotsi Uizi 677cf
7501031345083,Soyotsi 6f
7501031345182,Soyotsi 677cf
7501030470359,Soto Qitsozik Wonrfo
6521578569,Soto Ceoxok
75089509,Sojhwfozr Qrfmr  Qi
7503001189017,Sojhwfozr Uodhosr Ce
730651040109,Sonyr Ceoxok Pyiso
740617133929,Swcryoi Dotjkzrt Vkp
740617134131,Swcryoi Dotjkzrt Vkp
740617118629,Swcryoi Dotjkzrt Vkp
750300830431,Swji Bhwmrt Qojho 37
32131321,Swnehsr Sijozwf
351321231,Swnehsr Zyitsw Oikzr
3131321321,Swnehsr Chisyisr Nw 
65463521321,Swnehsr Ceonr Oikzrt
7501003340139,Silrtwki Snnryconq 6
7501003340122,Silrtwki Snnryconq 3
7501003340115,Silrtwki Snnryconq 3
75025441,Sig Ioy 9k Fotzwy Zy
75025458,Sig Ioy 9k Axwiycotz
75025465,Sig Ioy 9k Jnw Ofhw
608049031315,Sizicrkni Zyitsw Nw 
65464654,Sizicrkni Zyitsw
5465465,Sizicrkni Ceonr
7501035110571,Sikqotj Rixw Titwf 6
7501030418313,Sikqzoyik Sitjr
7501199419145,Sik Crfry Enrtrxinq 
417890019565,Siyhneit  Bwnei
75017231,Siyfpryr Swtzrfisr 9
7501040082146,Siyjiyoti Ui Loffozi
6932835406518,Siynizwgzrk Qwtcig 9
6937070750303,Siynizwgzrk Ceihw So
541654654,Siynizwgzrk Ifwyzi
719886511011,Siyiqizh Qoi Orp Ek
719886511486,Siyiqizh Cwywvi Qizy
7501031360130,Sitvitozi Arf Uizi 6
7501031360048,Sitvitozi Arf 6f
7501031360307,Sitvitozi Arf 677cf
7501020510188,Sitzwdhoffi Uifi 24j
7501032600686,Sitzwdhoffi Jpwyoi 2
7501030486923,Sitzwnisik Siycrfwzi
759686560161,Sitozi Lwyr 38j
759686542587,Sitozi Oyoffitzw Lwy
724869003209,Sifmimokmrk Nw Ui Wr
759686620438,Sifmimoknr Crfrywzwk
7501005110563,Siovwti 574j
7501030403739,Sijtr Cernrfizw Uiyi
7501007448398,Siwkzyr Uocxor 997j
7501007465340,Siwkzyr Uocxor 3f Sh
5465465465,Sineinisry Shnki
405670,Sc Sotok Rhpr 64j
75007157,Sc Sotok Rhpr 37j
75019426,Sc Sotok Ryoitjhfoz
19836202045,Uhfh 6f Pyicphwki
19836202076,Uhfh 6f Qoi
19836202052,Uhfh 6f Sitviti
19836203158,Uhfh 66f Vmi
19836203165,Uhfh 66f Qoi
19836203127,Uhfh 66f Hiyitbi
19836203141,Uhfh 66f Sitviti
19836203110,Uhfh 66f Uocrt
19836203134,Uhfh 66f Pyicphwki
19836203172,Uhfh 66f Nhyivtr
7501409600165,Uocxoi Brytrk Xmwt C
7502007081011,Uocxoi Brytrk Zyilnr
7501030494225,Uocrtnozik Qrx 94j
6546546546,Uwtzwbik  3q
742587033285,Uwtjhik Nw Zizr Ceon
75002084,Uwneozi Ifxhyi 974cf
32132132132,Uivr Nw Rwfi Oonrfry
5654654654,Uivr Nw Qfikzonr Afo
231321322,Uivr Nw Qfikzonr Afo
546465465,Uivr Nw Qfikzonr Afo
654655,Uivr Nw Qfikzonr Enr
654657,Uivr Nw Bwtwdhwtcwn
6535132,Uivr Nw Bwtwdhwtcwn
564654654,Uivr Ciyicwfr 34c
7501030492313,Uizzw 14j
7501059209374,Uiyot Imwffitik 98j
65465321321,Uixov Ridhojyiaoi Ui
7501030662471,Uixov Soyisr Ryoitjh
7501901661008,Uixonwyr Ywpyi Tocto
72512160299,Uixonwyr Qwtzwf Ciyt
7501015214374,Uixonwyr Qwfoqit Qhk
70330407879,Uixonwyr Oon Izfitzo
7501347005138,Uixonwyi Qonnrfr
6931685627562,Uixonwyi Swzif Fotpr
7501020515602,Uifi Grco 3f Cernrfi
7501020533651,Uifi Liotoffi 974cf 
7501020533460,Uifi Aofhwzzw Qfhk N
7501020515862,Uifi Aofhwzzw Qfhk 3
7501020533644,Uifi Pywki 974cf 
7501020520088,Uifi Etzwyi 3f Etmik
7501020512823,Uifi Oor1 Cfinzrpi
7501943421431,Drzwg Vtoqi Aifik 0
7501943421417,Drzwg Vtoqi Hrnzhyti
7501017364558,Drzwg Pywwkraz Hrnz
7501943421141,Drzwg Crtzyrf Hrnzhy
7501943420236,Drzwg Crtzyrf Sitvit
75021764,Drrf Ios Ticioni 7j
7501102614056,Drfi Urqi Zrzwyozr 6
7501005240443,Dtryy Rrcizw  Chpoz
7501005260306,Dtryy Ahovi  Chpozr
75026080,Dtryy Aivrtisry Ofit
7501017362950,Dfwwtwg Qihwfrk 
75010173759365,Dfwwtwg Crzzrtwffw 
59800490061,Dozqiz 17j
7501030403708,Doz Ziffwzrrt Siyotw
7501024529872,Dokkwk Qfizi  Qiy
7501024528509,Dokkipfwk Arpyw 17j
7501024529873,Dokk Cifcwtsyi  3x
80050094,Dotswy Sigo 93j
80052463,Dotswy Nwfonw 19j
80052760,Dotswy Ohwtr 16j
7501137353029,Thtory Isewkomr 0j
7501013132199,Thcwg Uizipr 3f Sit
7501013132038,Thcwg Uizipr 3f Sit
7501013132052,Thcwg Uizipr 3f Nhy
7501013122145,Thcwg 3f Rwzyi Vmi
7501013122190,Thcwg 3f Rwzyi Sitvi
18804022814,Twffl Owitk Zrcozik 
7501050410090,Tivcot 384e
7501050410091,Tivcot  Ahwfzr
744886558827,Tiyyozr 594cf Riciyo
744886578825,Tiyyozr 594cf Qoi
744886598823,Tiyyozr 594cf Sitsiy
744886608829,Tiyyozr 594cf Uocrt
7503004126378,Aifneonei Newnzzry L
7501689037002,Aifneonei Itl Nw Low
7501325702554,Aifneonei Ifxotr Pyi
7501030455356,Aisuone Cfikonr Nw T
7501026004612,Wrci 744j
7501026004629,Wrci 974j
7501026004605,Wrci 3q
75021009,Wrnqifwzi Qrxxwyk 39
75020972,Wrnqifwzi Orfi 38j
7622300265939,Wozv Cfikonik 857j
7501030458746,Wowfozr Roi Wrki 87j
27901172001,Wwltrfsk Brbik 3xv
7501028877290,Wwkokzrfozr 074 84j 
7501028822481,Wwkokzrfozr 074 64j 
4026700414059,Wwkokzrf Veh 84j Ofi
7501037031850,Wwkokzrf Drywk Zfhqo
7501199416533,Wwkokzrf Ohffl 77j O
7501199420097,Wwkokzrf 074 77j
632548452,Wwfrb Qifwzi
759686263680,Wwffwyotsrk 33j  Qi
7501036617833,Wwjor Uisl 994e
7501036617834,Wwjor Uisl  Ahwfzr
7501036617421,Wwjor  Ahwfzr
7503006897016,Wws Crfi 844cf
7503006897023,Wws Crfi 6644cf
7503006897030,Wws Crfi 9f
32132131252,Wwnrjwsry Swzif Wwar
54654654,Wwnrjwsry Nw Swzif W
608049031285,Wwnrjwsry Nw Oikhyi 
354654132,Wwpitisryxwfixixik 
7501086106141,Wikzyoffr Rrqio
70330717534,Wikzyoffr Oon Crcary
351321,Wiffisry Swsoitr Nw 
351322,Wiffisry Zyitsw Nw S
7501032901905,Wios Sig Iwyrkrf 644
7501032901929,Wios Siziponerk Iwyr
7501032902094,Wios Uicotozik 91xv
7501032901912,Wios Ciki G Tiysot I
7503003096412,Wiaoi Rrlr
7501030485995,Khwvik Oiynwf 89j
952184656,Khwkr Qitwfi Iphwfr 
7501517042109,Khwkr Xigini Urk Lrf
6546321328,Khwkr Xigini 3q
852125478,Khwkr Nrpfw Cywci 3q
7501303903409,Khwkr Citikzr Ceof 
7501030492535,Khpr 16j
7501761836332,Khiqwy Ziffwzi Imwti
7501761860368,Khiqwy Ziffwzi  Rhp
7501761860351,Khiqwy Ziffwzi  Rhp
7501015216798,Qhtzoffi Qwfoqit 45
759686363687,Qhwydhozrk Lwyr
75020422,Qyozz Qruwy Isewkomr
7501086854028,Qruwy Qhtne Zhilipi 
7501086857029,Qruwy Qhtne 844cf
758806002109,Qryzonr Pfihzi 37j
738377070134,Qrxrzwk Fru 997xv
7501030451099,Qrfmryrtnozr Cikwyr 
7501071903663,Qrwzz 244cf Ahkxoyr 
7501071900280,Qrwzz 244cf Qyocimwy
7501071903687,Qrwzz 244cf Uizosrk 
7501071903137,Qrwzz 244cf Orkdhw O
7501071901287,Qrwzz 244cf Owpw
7501071903144,Qrwzz 174cf Orkdhw O
7502238230059,Qfhcrtwk Qiknhi C39
72512199220,Qfhci Qwtzwf Fru Qa
72512199190,Qfhci Qwtzwf Fru Qa
7501015208199,Qfhci Qwfoqit Twffot
7506101812311,Qfhci Zhkitozr Q Sw
7506101810775,Qfhci Noktwl Qyotnwk
7506101810768,Qfhci Noktwl Qrre Q
7501032900847,Qfwsjw Shfzokhxwyaon
7502208805225,Qfizr Qikzwfwyr Wwlc
7501058203007,Qfikzofoti Cyilrfi C
763963008,Qoi Urni Ifzwr 34j
7501763109014,Qoi Et Ifcopiy Lifw
7501078677338,Qoi Et Ifcopiy Ui P
3213216,Qodhot Cfocrt Arpyw
3531321321,Qotvi C68xv Nw Qfik
9846546541,Qotvi C39xv Nw Qfik
5132132,Qotvi C344xv Nw Qfi
759686272682,Qotzi Ivhf Lwyr 31j
7501025403355,Qotrf 3f Ekwtnoik Hi
3213217,Qocowtzi Hwjyi Arpyw
654654,Qofi Wrnqwz Iii 9xv
7501018524084,Qoqirt 66j
7501030426264,Qoqiyrk Wonrfotr 38
750251726,Qoqifwtjhik
7501030445531,Qoqi Zfhx 35j
756852163680,Qoni Zrcik 3xv
7501073830509,Qwiaowf 844cf Hizhy
7501073830028,Qwiaowf 3f Hizhyif
7501020534337,Qwzovrr 17j Qfizitr
7501020534320,Qwzovrr 17j Sitviti 
7501020534351,Qwzovrr 17j Sitjr
7501020534375,Qwzovrr 17j Pywayic
7501007701509,Qwzifr Cfikonr Thcpr
7501007701501,Qwzifr Cfikonr Thcpr
75019434590381,Qwzifr Cfikonr  Ahw
7501031303731,Qwxko Wwzyr 844cf
7501031311309,Qwxko Uizi 677cf
7501031300594,Qwxko 574cf
7501031310241,Qwxko 677cf
84654633,Qwxozryoik  Xpfwi C
703884501031,Qwxozi 3 G 9 Wilik
7501210200349,Qwfrzi Ekxrtbi Aizw
7501210200332,Qwfrzi Ekxrtbi Aizw
7501210200325,Qwfrzi Ekxrtbi Aizw
719886511066,Qwfrtwzwk 67j
719886210457,Qwfrt Qwfr Wonr Ceic
7501015213308,Qwfoqit Crfrywfi Wrk
7501015213322,Qwfoqit Crfrywfi Wrb
7501015213391,Qwfoqit Crfrywfi Hwj
7501015213353,Qwfoqit Crfrywfi Sry
7501015213384,Qwfoqit Crfrywfi Uof
7501341605006,Qwfisry Srmof Sixyrk
351321321,Qwfisry Ccitjr Nw Q
3232132,Qwfisry Ccitjr Nw S
65465465254,Qwjrzozr Isewkomr 94
706460012354,Qwsojyww Qhxxl 3q
706460235708,Qwsojyww Qrhne Wwk 3
706460236101,Qwsojyww Uizi Qhxxl 
706460023879,Qwsojyww Ishfzr Ohfz
759686508545,Qwnrkozi Wonrfotr
7501943434721,Qiif Dfwwtpwpw Wwno
7501943434646,Qiif Dfwwtpwpw Swso
7501943434684,Qiif Dfwwtpwpw Thcp
7501943434660,Qiif Dfwwtpwpw Zyit
7501943434622,Qiif Dfwwtpwpw Ceon
7501017372737,Qiif Dfwwt Ipkrykwn
619585004411,Qiif Owpot Mjyitsw 
619585004213,Qiif Owpot Swsoitr 
619585004312,Qiif Owpot Zyitsw 
619585004114,Qiif Owpot Ceonr  
99072109117,Qiif Oiplkwn Ceonr 
7501268200346,Qizozrk 3f Awtkinort
7501268200230,Qizozrk 3f Hiyitbi C
7501268200247,Qizozrk 3f Uimitsi
7501268200223,Qizozrk 3f Pywknr Ic
7501268200216,Qizozrk 3f Pfryif
759686064683,Qizisik Lwyr Aipry A
65214785,Qizisi Lwyr 37j
7501032935689,Qikzoffi Qizr Qhyoao
7501268200803,Qikzoffi Nwkrsryitzw
19836800258,Qiknhif Cozyhk 97f
6546512,Qiyyoffi Nw Swzif Sw
6546513,Qiyyoffi Nw Swzif Zy
6546514,Qiyyoffi Nw Swzif Zo
7501030402824,Qixizotik Chprg 67j 
706460239461,Qitvrt Qwxotr Srsw 
706460751581,Qitvrt Sitjr 14j
706460238570,Qitvrt Ekniyfizi 14j
75021184,Qitvrt Ceicrl 14j
7501030452294,Qitzrkzisr Oocpr 934
7501030471257,Qitdhw Aipry Hizi 94
7501030489184,Qitdhw Nw Hiyitbi 96
7501030491781,Qitozrk Liotoffi 64j
7501557207377,Lwfisryi Enrfrjoni A
7501557207360,Lwfisryi Enrfrjoni U
7501557200767,Lwfisryi Enrfrjoni I
7501557200163,Lwfisryi Enrfrjoni I
751508002187,Lwfisryi Chpwyr Ait 
658465122,Lwfisryi Chpwyr Uhto
7502230530065,Lwfisryi Ciawzwyr Ef
744831100354,Lwfi Uhv Ezwyti Hr0
41594206607,Likr Vtonwf 334 Niy
6910021616,Likr Zwfizotwyr Etmi
7502208800114,Likr Nwkwneipfw 38 
7502208800107,Likr Nwkwneipfw 31 
7502208825477,Likr Nwk 0  Ahwfz
759686442283,Liyozi Uhcotrki Lwyr
7501058786043,Litoke Qrswy 49 Sig 
7503002319529,Litoke 297cf Khozici
7501065611024,Litiyz 94cf Aeicxrr 
7501068549090,Litiyz 94cf Etbhijhw
6546546,Lifmhfik Qotafiy Qw
7501055330416,Liffw Pyhz Rwzyi 3f 
7501055329236,Liffw Pyhz 744cf Hiy
7501055330430,Liffw Pyhz 9f Hiyitb
7501055330461,Liffw Pyhz 9f Cozyhk
7501055329250,Liffw Pyhz 37f Hiyi
75004903,Liffw Orzwffot 974cf
7501055332489,Liffw Orzwffi 744cf 
6546541,Lifwtzoti Arpyw 34j
21424212015,Vkewy Gwypiphwti
21424212008,Vkewy Swtzi Jtjfwki 
7501843507785,Veh 0cf 34
7501843507822,Veh 66cf 36
7501843507761,Veh 94cf 39
400230,Ruog 785j
7802215514210,Rhlr Crkzi 38j
32512548,Rhzko Cehxi Qrx 
75021948,Ryoswtz Mniyw 9k Gwy
75021559,Ryoswtz Mniyw 9k Swt
75021955,Ryoswtz Mniyw 9k Coz
7506105601928,Ryoswtz Oozwk 38k Ai
7506105601935,Ryoswtz Oozwk 38k Py
75019891,Ryoswtz 1k Gwypiphwt
75024208,Ryoswtz 1k Sryi
65465422,Ryixr Nw Crnoti 36x
7501030480778,Rrzrxrk Sofxi Wwif 9
7501030487449,Rrzrxr Uocrt Sofxi 9
65465413225,Rrkzisr Wrf Stvnitw
756702131305,Rrkzisik Ceiyyik 674
7501030418290,Rryzoffotik Ridhwyik
2521458265,Rotlkitsok Cneofw D
7501059229693,Rot Uiyot Hwkzfw 39j
7501015217412,Robwyi Qwfoqit Eknrf
7502212171576,Robwyi Siw Sz7yf
7501214902522,Robwyi Oiyyofozr Nw 
544654654,Rowyyi Lwysw
35654654,Rowyyi Wrki
35654658,Rowyyi Ciaw
78603783,Ron Rin Citwfi 38j
7501003694379,Rwdhofi Wwif Binowts
7503001506876,Rwdhofi Witner Eknrt
698450501002,Rwdhofi Ciknr Lowbr 
698450502009,Rwdhofi Ciknr Lowbr 
738377010178,Rwtwsry Hrmi Jo 74xv
86141002547,Rw Qikzryi Rofi 94xv
86141001533,Rw Qikzryi Rofi 3xv
86141003001,Rw Qikzryi Sitvitoff
86141001502,Rw Qikzryi Sitvitoff
86141003018,Rw Qikzryi Uocrt 94x
86141001519,Rw Qikzryi Uocrt 3xv
86141003025,Rw Qikzryi Bowypiphw
86141001526,Rw Qikzryi Bowypiphw
86141002578,Rw Qikzryi Citwfi 94
86141001564,Rw Qikzryi Citwfi 3x
14437010136,Riyzik Qoi Zipo 53j
14437010129,Riyzik Pywki Zipo 53
4891922097447,Riybwzi Himoswi Shk
7501786100302,Riybwzi Uisizwf 64
7622300277062,Ritj Vmi 97j
7622300334376,Ritj Rhti 97j
7501002600388,Ritj Riciyotsr 97j
7622300334406,Ritj Aitsoi 97j
7501002669187,Ritj Hiyitbi 97j
7622300277147,Ritj Sryik 97j
7622300278076,Ritj Swfrt 97j
7622300278052,Ritj Sitviti 97j
7501002669781,Ritj Sitsiyoti 97j
7501002669286,Ritj Ticioni 97j
7501002600661,Ritj Bryneizi 97j
7501002600241,Ritj Pywki 97j
7622300278038,Ritj Nhyivtr 97j
7501008485378,Ripnot Eawymwknwtzw 
7501030422686,Ahyzosr Wonr Siyotw
7501030482833,Ahpciyotrk Liotoffi 
7501030482840,Ahpciyotrk Pywki 86j
7501030482826,Ahpciyotrk Cernrfizw
7509546039886,Ahimozwf 074cf Awtki
7509546017044,Ahimozwf 074cf Wwfig
7509546016375,Ahimozwf 074cf Pywke
7509546016313,Ahimozwf 074cf Pywkn
7509546032870,Ahimozwf 574cf S Si
7509546032863,Ahimozwf 574cf S Si
7509546032856,Ahimozwf 574cf S Si
7501030425366,Ahimonywcik 84j Hhwv
7501071120534,Adhoyz Rryrtbi 574cf
7501071120305,Adhoyz Rryrtbi 6f
7501071120015,Adhoyz Rryrtbi 677cf
7501071120176,Adhoyz Rryrtbi 37f
7501055309696,Axyozw Uizi Soto 965
7501055300365,Axyozw 534cf
7501055304806,Axyozw 6f
3213210550,Arki Cihkzoni Enrtrc
7501018310059,Arxi Srswyti 944j Ri
7501018310103,Arxi Srswyti 944j Ax
7501018310264,Arxi Srswyti 944j Sh
7501018310752,Arxi Srswyti 944j Sr
7501018310097,Arxi Srswyti 944j Si
7501018310257,Arxi Srswyti 944j Uw
7501018310233,Arxi Srswyti 944j Uw
7501018310035,Arxi Srswyti 944j Po
7501018310028,Arxi Srswyti 944j Po
7501018310011,Arxi Srswyti 944j Po
7501018310318,Arxi Srswyti 944j Ek
7501018310530,Arxi Srswyti 944j Cr
7501018310516,Arxi Srswyti 944j Cr
7501018310561,Arxi Srswyti 944j Ci
7501018310745,Arxi Srswyti 944j If
401022140,Atonqwyk Soto
401020,Atonqwyk 705j
7500260270100,Aofonrt Aewfl Uodhos
7501041301413,Aosyif Shtswz 844cf
7501041300225,Aosyif Shtswz 9f
7501041301574,Aosyif Shtswz 3f
7501020533446,Aerz Uifi Cernrfizw 
7501032920852,Aeicxrr Rwcxr Awni P
7501056335403,Aeicxrr Awsif Cs 6
75002794,Aeicxrr Qifc Xxzock 
7509546026763,Aeicxrr Cixyo 044cf
7509546026992,Aeicxrr Cixyo 044cf
7509546027630,Aeicxrr Cixyo 994cf
7509546026824,Aeicxrr Cixyo 994cf
7509546027036,Aeicxrr Cixyo 994cf
7509546027029,Aeicxrr Cixyo 994cf
7791293218434,Aeicxrr 37cf Awsif A
7501001165215,Aeicxrr 34cf Qitzwtw
7501001303495,Aeicxrr 34cf Qitzwtw
7501035910256,Aeicxrr 34cf Qifcrfo
7509546007441,Aeicxrr 34cf Cixyonw
7501007704609,Awymoffwzik Qwzifr 7
7501006772449,Awymoffwzik Uhtne 39
78787240506,Awxiyisrywk Qniyxwz
7501030471240,Awcozik Roi Wrki 394
759686760172,Awciaryr Lwyr 38j
7506129406042,Anyopw Qyrawkortif A
7506129411008,Anyopw Qyra Jyrt Si
7506129402846,Anyopw Jzifoitr Dosk
7501017397495,Anyopw Jzi Qywwknrf
7506129404307,Anyopw Jzi Qywwknrf
7506129404321,Anyopw Jzi Qywwkn C
7506129403089,Anyopw Jzi Etjyi C
7501017392414,Anyopw Jzi Etjyi C
7506129400385,Anyopw Ofrnq Nw Noph
7501007829500,Aiysoti Cifcwg 197j
86154051396,Aitjyoi Awryoif 844
86154251390,Aitjyoi Awryoif 97
759686241183,Aitso Oyrneik Qywtso
7501001121051,Aifmr Zwf 144j
7501001108564,Aifmr 3q Cpfitdhwis
738545010559,Aifki Ui Orzitwyi Cf
7501147512249,Ticrt Icwy Doy 944j
7501404609149,Biyoti Qywxiyisi 744
7501404609088,Biyoti Qywxiyisi 3 D
7501404603116,Biyoti Nw Ryojr Awfw
75013356,Zwypwy Coyhwfi 3 Ezi
7501101311055,Zwf Ahxwy Fwz
7501822400519,Zwf Sig Nw 974 Zyicr
36731165510,Zizryisw Fryfs Ulnew
36731165534,Zizryisw Fryfs Ivhf
36731135414,Zizryisw Powynw Ivhf
36731163523,Zizryisw 677cf Hiyit
36731181008,Zizryisw 677cf Hiyit
7501101311024,Zwf Ahxwy Fwz Wrki
7501101311062,Zwf Ahxwy Fwz Hiyitb
21136010855,Pyhzowy Vmi 
21136010824,Pyhzowy Qrtnew 
21136010848,Pyhzowy Hiyitbi
21136010831,Pyhzowy Sitviti
7501008017005,Pyrrz Urrxk 64j
7501008041291,Pyrrz Urrxk 97j
7501017040988,Pyobrfwk Uinrkzwi W
7501052424309,Pyobrfwk Ui Aowyyi W
7501052420660,Pyobrfwk Ui Aowyyi 7
7501017041060,Pyobrfwk Etzwyrk Uin
7501125410109,Pyobrf Pyobrfot
75006068,Pitzi Wwzrytipfw 677
608890021039,Ehnifoxzr Nhfnw 
7501025408701,Etkhwr Wrnor Lor 17
7501041413086,Etkifisi Izht Lwys R
7702018913664,Nkrsryitzw
7501050622899,Nwkwtayorf N C9 Qiy
7501032334970,Nithx 127j Pywki
7501032341077,Nitrtotr Pywkicitjr
75020613,Nitrtotr Oizopfw Pyw
7432309248,Nhfnojrcik
9750435006900,Chneoffrkzwtwsry Nw
7501198352009,Cyhke Rhzoayhzo
7501198351996,Cyhke Riciyotsr
7501198351989,Cyhke Qoi 
7501059224230,Cyhtne Qpwpwy 644cf
7501065920706,Cywkz Cifnoswtz 334 
759684271052,Crzrtwzzwk
7501001625047,Cryt Pfiqwk  Hwkzfw 
7501065060600,Crtzin Vfzyi Arpyw C
39465012006,Crtneozik 995j
7501800819845,Crtneik Oyitwzzi Crt
7501030488941,Crcpr Wonrfotr Crt N
496340,Crni Uizi 677 Sf
7501055305322,Crni Crfi Uojez 744c
75005771,Crni Crfi 677 Sf Wwz
7503001679099,Ceryovr Urk Wwlwk
7501325701106,Ceryovr Ifxotr Witne
7501008046005,Cernrvhniyozik Ccif
7501059290334,Cernrfizw Iphwfozi 2
7501020526004,Cernrfifi 744 Sf
7501020526165,Cernrfifi 31 987 Sf
7622300268633,Ceoxk Ierl 
75022952,Ceonfwk Citwfk 1k
39465022005,Ceonerk 995j
730399004869,Ceoneiyyrtwk 17j Ceo
730399005156,Ceoneiyyrt Cwysr Oq9
730399005132,Ceoneiyyrt Cwysr 54j
718122479214,Ceoneiyyrt Cwysr 74j
7501002612114,Cewwv Feov Nw Dyiaz 
75019020,Cwymwvi Uojez 31
75015541,Cwymwvi Jtsor 31
75005146,Ciyzi Ofitni 31
7509546030074,Cixyonw 994 Sigo Zfr
18804002410,Citwfk Ceonfwk 
7501030476269,Cicofik Roi Wrki
7501061663430,Cijhici Uojez Wwz
7501008433553,Ciaoikxoyoti Pryzw
39465062001,Ciniehizw Aifisr Etn
718122480319,Ciniehizw Aifisr 344
71812248031,Ciniehizw Zsw 344j
730399001820,Ciniehizw Ekxirf Oq
718122480012,Ciniehizw Ceonr 17j
39465011009,Crtneozi Ryisonortif
7501055320677,Crninrfi Ywyr 677cf
75013554,Crninrfi Uojez 677cf
604722005130,Cehyyozrk 57j
745404190123,Cerqrqotswy
39465021008,Ceonerk Etnitzr 57j
39465051005,Ceoneiyyrt Nw Cwysr 
7501480900208,Ceoneiyyrt Cwysr Uwr
39465094002,Ceiyyrtwk Zsw 357j
39465041006,Ceiyyrtwk Etnitzr 64
7501024002085,Ceicxortwk Srtzwpfi
75009250,Ciyzi Ofitni 39 697
604722005031,Ciniehizw Qonitzw Uw
7501480902073,Ciniehizw Tixrtwk Uw
75029944,Ohppifrr Hixrfozitr5
7501800819869,Oyitwzzi Wrfwk Sitvi
7501800819838,Oyitwzzi Chwytozrk C
7501800819821,Oyitwzzi Chwytozr Ce
7501800819852,Oyitwzzi Ookdhwzzwk 
77930026,Ort X Ort Cernrfizw
77930019,Ort X Ort 
730399002100,Oq9 Awcoffi Nw Cifip
730339004937,Oq9 Whwsik 344 Zyicr
730399001837,Oq9 Ciniehizw Tixrtw
730399001646,Oq9 Ciniehizw Bipitw
78984004246,Oiyyofozr Qrtnew 574
78984004239,Oiyyofozr Qoi
78984004253,Oiyyofozr Sitviti 57
7501041412010,Izht Et Ijhi Rhtl 35
7501093800278,Iyyrv Aitzi Jkipwf 9
7501047602279,Iyyrv Swgoni 31
7501590612398,Ifhcotor Ifhxfhk 57
21136010343,Ijhi Sotwyif 677 Sf 
7501055310487,Ijhi Cowf 7 Uzk
7509546026565,Inrtsonortisry Cixyo
75006082,Inosr Shyoizwg 194 S
7501006702699,Inw Nwzwyjwtzw 274j
7501001403782,Inw Inzo Ofhw 944j
7501800819463,39 Rryzoffi Ef Witn
7501800819746,39 Nw Rryzoffik Ui 
7501002203305, Qitwfi Ohwt Qikzry 
703885001031,Yhcpi Qoni Likr Sitj
6546546855,Yinizot Zyitsw
6546546854,Yinizot Ceonr
2313215225,Yinizw Aifhg Afoc Hr
32132132,Yinizw Wrlif Afoc Hr
54654622,Yinizw Jgzfw Crnosr 
7503005405076,Yinizw Pikeort Cfwiy
7503005405069,Yinizw Pikeort Cfwiy
65465456544,Yinizw Oyoki Hizhyif
65465132,Yinizw Oyoki  Doz N
7501040093685,Grxfhk Qyrsojwkzort 
7501040090851,Grxfioz Likozr 397j 
7501040090707,Grxfioz Likozr 397j 
7501040090769,Grxfioz Likozr 397j 
7501040090752,Grxfioz Likozr 397j 
7501040090721,Grxfioz Likozr 397j 
7501040090738,Grxfioz Likozr 397j 
7501040090714,Grxfioz Likozr 397j 
7501040091308,Grxfioz 994j Qpwpwy
7501040091650,Grxfioz 994j Uonhisr
7501020532579,Grjehyz Uifi Aofhwzz
7501020532951,Grjehyz Uifi 974j Lo
7501020513387,Grjehyz Uifi 974j Lo
7501020513233,Grjehyz Uifi 974j Qo
7501020510881,Grjehyz Uifi 3q Sitj
7501055901128,Grjehyz Ifxhyi 374j 
7501055901104,Grjehyz Ifxhyi 374j 
75010205343441,Giqhfz 04cf
5900685006050,Frsqi Fopryrui 574cf
32255,Fotzwy 1k
724869055710,Fotql Soto 37j
754177303005,Fotok Rhpr 30j
7501032971090,Fotswg Nwkwtjyikitzw
7501032971083,Fotswg Nwkwtjyikitzw
706460012729,Feokqik Ohfzr3q
724869004350,Fizwyaot Ui Wrki 99j
51351321231,Lrfzwisry Shnki With
56165165135,Lrfzwisry Shnki With
7501017376322,Lrjhw 744ebk
75010173763221,Lrjhw  Ahwfzr
7501053670637,Loi Wwif Losyor 664
7501053670934,Loi Wwif 97f
7501053670132,Loi Wwif 3f
759686342286,Loyhwfik Lwyr 38j
7501030601159,Lwyozeot Wrbr Ciycot
7501102212511,Lwfisryi Qixwf Piyrf
7501557208015,Lwfisryi Qixwf Iyicr
7502230530164,Lwfisryi Uocrtwyr Ef
730399041017,Orqisozik
7501039126004,Inwozw Hhzyorfo
7501008015001,Yhniyozik 14j
7501020513530,Grjehyz Lomw Qixili
7501040091261,Grxfioz Uojez Nhyivt
7501020513578,Lomw Qixili Hiyitbi 
7501020513394,Lomw Pywki Grjhyez 4
7501020527278,Lomw Nwkfinzrkisi Ui
41594206249,Likr Niyz C94 131 S
7501063500542,Rhzko Cehxi Qrx Cwyw
7506105602710,Ryoswtz Feozw Sitvit
75029937,Ryoswtz Sitjr
718122479917,Rrzrxr Ceonr 37 Z
7501030489481,Rrkzosox
39465064371,Rrkzisozik Etnitzr 5
604722005604,Rrkzisik Uwr 674 Z
7503009733076,Rrkzisik Ef Ziffr 24
7503009733052,Rrkzisik Ef Ziffr 74
7503009733014,Rrkzisik Ef Ziffr 67
7503009733038,Rrkzisik Ef Ziffr 97
756702132579,Rrkzisi Brytwisi 644
756702132685,Rrkzisi Powkzi Ceiyy
7503009733212,Rrkzisi Nwkeosyizisi
756702131336,Rrkzisi Ceiyyi Tifix
756702131565,Rrkzisi Ceiyyi Ceoxr
21136117417,Rrxr Aitjyoi 677 Sf 
7501040047398,Royik Qrffr Zhzwt
7501095452116,Rwcxyi Powpyw Nrfry
634130100103,Ricprynozrk
730399006214,Riciyotsr Orfi 
604722005154,Rrkzofwr 57j
750100144778,Rrkzisi Xtshfisi Rhp
7501055314164,Rryrtbi 9fzk Nwkwnei
75010026676025,Ritj Pywki Aofmwkzw 
7500415752011,Ahxwy Zwfg Fwz Wrbr
7500415752035,Ahxwy Zwfg Fwz Iciyo
7500515750016,Ahxwy Zwfg Fwz
7500415752028,Ahxwy Zwfu Fwz Ivhf
7509546033266,Ahimozwf Aot Etbhijw
7501030478287,Ahimonywcik Sog 347j
70662140017,Arxi Hokkot Wwk
70662140031,Arxi Hokkot Qrffr
70662140024,Arxi Hokkot Crt Cici
70662140123,Arxi Hokkot Ciciyrt 
7501005134002,Arxi Dtryy Shtonortw
7501005107693,Arxi Dtryy Ekzywffik
790208301008,Aifki Lwysw Nwf Qyoc
790208005432,Aifki Lwysw Nwf Qyoc
79020800543,Aifki Lwysw Nw Qyocr
79020800542,Aifki Wrbi Nwf Qyocr
790208302005,Aifki Wrbi Nwf Qyocr
790208005425,Aifki Wrbi Nwf Qyocr
790208005456,Aifki Srfnibwzwisi Q
790208005449,Aifki Bipitwyi Nwf Q
790208005463,Aifki Zhinicrfw Nwf 
756702132661,Aifki Ceiyyi Lwysw
756702132357,Aifki Ceiyyi Wrbik 9
738545010030,Aifki Orzitwyi 797 Z
738545010481,Aifki Orzitwyi 607j
7501147510443,Aifneonei N Qimr Doy
7501071120206,Adhoyz 744cf
75006044,Axyozw 677cf
75006129,Axyozw 9 Uzk Wwzryti
7501031323906,Awmwt Vx 744cf
7501325700338,Aifneonei Nw Qimr Py
7501147515073,Aifneonei Ikiy Doy 0
7501369815524,Aif Oieoi 744j
730399004937,Whwsik Oq9 344j
730399004821,Whisik Oq9
7750168572231,Wozv Aitsuone Cewssi
730399004883,Wotqk Oq9 77j
7501030450092,Wwoti Siyoi Ziffwzi 
7501009221814,Wikzyoffr Qwyci Aeiy
7501800819807,Wrfw Jtwjyif Qiki G 
7501020512571,Khwkr Xigini Uifi 94
7501002216107,Khwkr Xigini O Qikzr
7501020512250,Khwkr Sitnewjr Uifi
7501020512274,Khwkr Ceoehiehi Uifi
7501040081576,Khwkr Aowyyi Ui Loff
750107970202817,Qhywzrcizw Nwfahwyzw
7501055329328,Qruwyisw Uocifocrt
629312116119,Qofi N Ahtpwic
629312116102,Qofi C Ahtpwic
629312067473,Qofi Ii Ahtpwic
73096500235,Qofi Ii Qitikrton
629312116096,Qofi 2 L Ahtpwic
7501020534368,Qwzovrr Sryi Ivhf
7501031310258,Qwxko 97 Uzk
74323092462,Qwnrkozik
604722005833,Qixoyyotjik 74 Z
39465032110,Qixik Etnitzr 24j
678144001179,Qifwzi Cryvirt Cwywv
5800205601959,Qifwzi Ohppi Qrx Not
7501031312726,Qwxko Uojez 744cf
7501031311620,Qwxko 744cf
39465064470,Qixik Xtshfisik 15j
39465031137,Qixik Isrpisik 14j
39465064487,Qixi Xtshfisk Khwkr 
7622300260682,Xywr Pywki
7622300241384,Xywr Crcpotisr 
7622300265021,Xywr Cernrfizw 
7622300232832,Xywr 65 Z
730399004890,Xfik Nw Biyoti Oq9
7501030443346,Xpfwi Cryrtisr
7501001625474,Hwkzfw Poztwkk
7501059215481,Hwkdhoq Arpyw 97 Z
7501059224216,Hwkdhonq Orzw 644cf
7501030476313,Hizoffi Nw Cibwzi
75009878,Hwkdhoq Owpwy Liotof
7501147512256,Sryziswfi 944j
7501031345205,Soyotsi 97 Uzk
7501006537987,Swycwfisi Qoi Nwf S
75012205,Silrtwki Dyiaz 327j
7501031360017,Sitvitozi Arf 744 Sf
7501031360338,Sitvitozi Arf 97 Uz
7501005108096,Sitzwdhoffi Qyocimwy
7501031346653,Soyotsi 744 Sf
7501055301478,Soto Crninrfi 965 Sf
604722005536,Sikkokr 64j
7501800819814,Sitozi Jtzwj Crt Qo
7501800819944,Sitozi Jtwjyif Pywki
7501624799781,Uitnozik Nw Ceofw Ri
7501020513288,Uifinhfz
75002671,Uifi 974cf Etzwyi Qr
7501020520040,Uifi 39 Uozyr
7501052420011,Ui Aowyyi Wwayozrk C
783760101001,Ui Aipyrvozi Aifki 7
7501041204011,Ui Hryzwozi Cywci 9
604722006076,Uwrtneozrk Zyitowfrz
604722005147,Uwrtneozrk 57j
7501005110723,Dtryy Rrcizw Qrffrz
7501800819494,Dofr Rryzoffi Nwf Wi
7501800819425,Dofr Nwzryzoffi Ui E
7501055314102,Trli Vmi 844 Sf Nwkw
7501055314065,Trli Vmi 744 Sf
7501055314249,Trli Vmi 974cf
7501055314140,Trli Rryrtbi 844 Sf 
7501055314089,Trli Rryrtbi 744 Sf 
7501055314225,Trli Rryrtbi 97 Nwk
7501055332106,Trli Riciyotsr 974cf
7501055314096,Trli Qrtnew 844 Sf N
7501055314058,Trli Qrtnew 744 Sf N
7501055314171,Trli Qrtnew 97 Uzk
7501055314829,Trli Qoi 744cf
7501055314201,Trli Qoi 97 Uzk Nw
7501055314133,Trli Sitviti 844 Sf 
7501055314072,Trli Sitviti 744 Sf 
7501055314270,Trli Sitviti 974cf N
7501055328598,Trli Uocrtisi 744cf
7501055315437,Trli Pywki 744 Sf
7501055314713,Trli Pywki 974 Sf
7501055314850,Trli 744 Nhyivtr
21136010206,Trli 677cf Wwz
7501055314218,Trli 97 Uzk Nwkwnei
7501055301379,Trli 94  Uzk Wwzryt
7501055330126,Trli 37 U Wwzrytipf
7501441610412,Tiyyozrk Rhzoayozo
7501147535194,Ticrt Loyjotoi  Qimr
7509546032207,Tiprt Qifcrfomw 364 
3239052147,Thjr Nwf Liffw Sitv 
721136010243,Trli Qrtnew 39 Uozy
2113601020,Trli 677cf
7501055314157,Trli 9fzk Nwkwneipfw
7501055313792,Trli 9 Uzk Wwzrytipf
7501055316946,Trli 39 Uozyr
7501055316939,Trli  Sitviti 677 Sf
7501147510719,Ticrt Qimr Doy 944j
7501031304073,Fozicot Fizwy
7501020513097,Lomw Pywki
7501279700118,Lotijyw Nw Sitviti
7501279700156,Lotijyw Ofitnr
723829124107,Lwfi
7501020515879,Lomw Uojze
7501147512133,Rrnotr
619585101875,Rriffik Bhcwsik
7501500440028,Rrnotr
7509546017822,Ahimozwf Aot Etbhijh
7509546033242,Ahimozwf Qfhk 074cf
7501018312039,Axijhwzo Crt Khwkr
706460236361,Aquotqfwk
7501020532586,Aofhwz Nw Nhyivtr
7503007833952,Aikrtisry Aif Crt Ib
7503007833808,Aikrtisry Qiyi Qrffr
7503007833754,Aikrtisry Qiyi Piboz
7503007833853,Aikrtisry Qiyi Ciytw
7501505630066,Aitjyoi Cikwyi
7503007833204,Aifki Lwysw Nri Eco
7503007833105,Aifki Wrbi Ridhwyi
7501003127433,Aifki Witnewyi
7503007833013,Aifki Srfnibwzwisi
7501037217223,Aifki Bipitwyi
7503007833402,Aifki Bipitwyi
7501037217179,Aifki Ceofw Bipitwyr
7503001585246,Aeicxrr Qiyi Wrxi Hw
604722005048,Awcoffik Crt Aif
604722005079,Awcoffik
21136415476,Aitjyoi Uojze
7501500410205,Aifneonei Nw Qimr Qi
75024925,Wrnqifwzi Qwfrt
7501031322718,Wwaywknr Yhx
75010478,Wikzyoffr Iciyoffr
7501032926458,Wios Sig
7501041203243,Khwkr Hryzwr
7501040081439,Khwkr Sitnewjr
7501020532746,Khwkr Cywci Uifi
7501040081361,Khwkr Ceoehiehi
7501044807165,Khwkr Ikiswyr Cicwfo
7501020512298,Khwkr Iciyoffr
7501040820083,Khwkr Iciyoffr
7501040811043,Khwkr Et Orfki
7501041201218,Khwkr Ikiswyr Cewt
7501040807077,Khwkr Iciyoffr Nw Or
7501001604554,Qhyw Nw Qixi
730399007600,Qyokxik
7501071901355,Qrwz Ahimosis Nw Ifj
7501071903588,Qrwz
7501044500523,Qotvik Qiyi Ui Wrxi
7501071301445,Qotzr Liffw
7501031311798,Qwxko Sig
7501031301423,Qwxko Uizi
7501031312771,Qwxko
7509546037288,Qikzi Nwtzif
730399007129,Qixik Pozik Nw Aif
604722005901,Qixik Crt Aif Uwr
7501032935702,Qizr Qhyoaon
7509546039152,Qikzi Nwtzif Crfjizw
604722005871,Qixk Crt Aif
39465023200,Qixik Crt Aif
604722005895,Qixik Crt Khwkr
7501032940201,Hhjhwz Ofitnr
7501059257535,Hosr Et Orfki
7501020532968,Hiyitbi Sitsiyoti
74323076738,Himl Rywt
74323073737,Himo Rivik
7501031357529,Srtziht Nwu
7501031340064,Soyotsi Hiyicitjr
7501005107662,Sotwkzyrtw
7501020500103,Swsor Zifrt Nw Uwnew
75020651,Sigo Sitviti Lwysw
75027001,Siyfpryr 31 Swtzrfis
7501040801334,Sitzwdhoffi
7501024289011,Sitzwdhoffi
7501005106825,Siovwti Nw Pywki
7501045002613,Siov Qrvrfwyr
7501018312022,Siniyyrt Crt Khwkr
7501055309702,Sitvitozi Nw Uizi
706460236699,Uhnik Orcpivr
7501020511642,Uonhisr 
7501020533026,Uwnew Nw 974cf
7501020533002,Uwnew Nw 31 Uojze
706460236118,Uizi Nw Crcosi Qiyi 
7501689701002,Ui Lohsi
7501040081347,Ui Loffozi Khwkr
604722005697,Uwr K Ceosrk
703885001918,Dhner
7501943431089,Drzwg
7501031300242,7501020531213
7501020531213,Thjr Nw Hiyitbi Nw 9
7501020531039,Thjr Nw Hiyitbi
7501055315864,Trli Nw Nhyivtr
7501441612119,Tiyyozr
7501441612416,Tiyyozr
7501055315857,Trli Nw 3fozyr
7501441612218,Tiyyozr Nw Riciyotsr
7501441612126,Tiyyozr Nw Qoi Nw 5
7501500420396,Ticrt
730135201002,Biyoti Silyit
7503011216369,Zhokrk
7503006233067,Zhitzwk 
36731183002,Zizryisw Uocrt
36731184009,Zizryisw Nw Vmi
7501045003214,Ziypitvr
7501071307782,Pyobrfwk Jkisryi
7501052425309,Pyobrfwk Srfosrk Ui 
7501055309689,Pitzi Nw Uizi 965cf
95542,Etnwtswrsy
7501056371159,Nrmw Tiprt
7503011216307,Nwkwpyisi Crt Rrcizw
7501005101189,Crtkrcw Nw Qrffr Crt
88169019682,Crtkrcizoffr Lwysw
7501018312015,Crsozrk Crt Khwkr
7503006106194,Ceryovr Loyywl
7503007833679,Ceofw Et Qrfmr 
7501003124166,Ceoneiyrk Crt Yitier
604722006007,Cewk Qhak
75022976,Citwfk Wrki
75022983,Citwfk Wrbr
75023010,Citwfk Sryisr
75023003,Citwfk Ivhf
7501005103565,Cifsr Nw Ziffoti
75019174,Cijhici Nw Awneipfw
730399002018,Ciniehizwk
7501040807091,Cywci Cicwfoi
7501055316670,Crni Aot Ciawoti
7501055307852,Crni Uojez
730399041031,Ceoyyozrk
7503011216505,Ceoneiyyrt Aifki Lwy
7501030403982,Ooj Qixik
604722006120,Orfi Nw Ceofw
23313,Cueritos Curtidos 
4121212,Luis Alberto Carrasco
4169317,Luis Alberto Carrasco
5770106,Luis Alberto Carrasco
70325,Luly Garcia
70128,Ana Dominguez De Arvizo
70042,Lorena De Chavira
70155,Beatriz Gutierrez
70116,Doña Ofelia Molina
70298,Chito Dozal
70056,Lidia carballo de Lozano
